"chr","start","end","repeatunit","gene","dist"
"chr2",32916229,32916625,"C","LINC00486",0
"chr6",160100724,160100807,"A","IGF2R",0
"chr12",66057592,66057682,"A","LINC02425",26525
"chr7",106101438,106101467,"C","SYPL1",0
"chr14",99420947,99420976,"C","SETD3",0
"chr2",153222307,153222343,"C","LINC01850",115361
"chr16",81086162,81086226,"A","GCSH",0
"chr2",32866713,32867128,"A","LINC00486",0
"chr3",121786170,121786215,"AAAAG","IQCB1",0
"chr4",39348424,39348483,"AAAAG","RFC1",0
"chrX",44282615,44282654,"C","EFHC2",0
"chr15",77618528,77618607,"A","LINGO1",0
"chr7",107770153,107770181,"A","SLC26A3",0
"chr7",107770196,107770269,"A","SLC26A3",0
"chrY",15896765,15896825,"A","NLGN4Y",1051110
"chr19",54168771,54168903,"AAAAG","LILRB3",47374
"chrY",15882971,15883033,"A","NLGN4Y",1037316
"chr2",162752903,162753031,"AAAAG","KCNH7",0
"chr16",50442846,50442880,"C","LINC02178",47712
"chr9",514099,514269,"AGGG","KANK1",0
"chr11",12719949,12719994,"A","TEAD1",0
"chr4",166603720,166603799,"A","SPOCK3",129584
"chr14",50052330,50052363,"AAAAG","LINC01599",0
"chr5",70954852,70954907,"A","LOC101929599",176376
"chr17",49348479,49348543,"AAAAG","ZNF652",0
"chr21",8219985,8220189,"AG","LOC107987293",0
"chr5",92185251,92185304,"A","LOC105379080",0
"chr4",76608528,76608747,"AGCAT","SHROOM3",0
"chr5",70672220,70672346,"AAAAG","LOC101929599",103159
"chr20",50666183,50666226,"AAAAG","RIPOR3",0
"chr3",111780257,111780416,"AAG","PHLDB2",0
"chr13",112934555,112934581,"AGC","MCF2L",0
"chr4",81594227,81594295,"A","RASGEF1B",0
"chr17",51831667,51831732,"AGC","CA10",0
"chr9",24546436,24546528,"AAAAG","IZUMO3",489
"chr22",37704381,37704446,"AACAG","TRIOBP",0
"chr1",197354810,197354855,"C","CRB1",0
"chr2",222866744,222866782,"C","ACSL3",0
"chr1",77887912,77888010,"AAG","NEXN-AS1",0
"chr11",110930793,110930931,"AGCAT","LINC02550",161000
"chr12",115909727,115909767,"AAAAC","LINC02463",23589
"chrX",11590775,11590930,"AAAAG","ARHGAP6",0
"chr12",79639801,79639920,"AATAGG","PAWR",0
"chr4",140999942,141000130,"AAG","RNF150",0
"chr10",34665840,34665906,"AACAG","PARD3",0
"chr7",134516723,134516800,"AAAAG","AKR1B10",10766
"chr3",171524287,171524320,"AGC","LOC102724479",54584
"chr4",4772340,4772478,"AGCAT","STX18-AS1",0
"chr19",16737964,16738013,"AAAAG","NWD1",0
"chr6",103205216,103205919,"AAG","GRIK2",1123593
"chr19",1692729,1692795,"AAAG","TCF3",40113
"chr1",246692552,246692769,"AGGG","LOC102724382",730
"chrX",101494010,101494139,"AGCCCC","ARMCX4",0
"chr7",27743767,27743816,"A","TAX1BP1",0
"chr13",70139383,70139429,"AGC","ATXN8OS",0
"chr14",92071010,92071052,"AGC","ATXN3",0
"chr4",49273693,49273745,"A","CWH43",211611
"chr14",105589193,105591282,"AGCCC","MIR8071-1",29833
"chr10",9097560,9097587,"A","LINC00709",178245
"chr7",117027447,117027529,"AAAGT","ST7",0
"chr22",41594338,41594462,"C","DESI1",3565
"chr11",61391252,61391282,"C","TMEM216",1110
"chr1",208267465,208267493,"AGC","PLXNA2",23080
"chr7",156171336,156171387,"A","LOC389602",202944
"chr13",55700819,55701067,"AAG","MIR5007",526270
"chr12",124296070,124296207,"AAAAG","RFLNA",0
"chr4",41159943,41160037,"AAG","APBB2",0
"chr11",48049515,48049567,"AAAAC","PTPRJ",0
"chrX",129901841,129901920,"AAGGT","LOC105373335",0
"chr4",19077839,19077911,"A","LINC02438",94423
"chr20",57350849,57350962,"C","RAE1",260
"chr3",57040474,57040503,"AAAAG","ARHGEF3",0
"chrX",40110629,40110727,"A","BCOR",0
"chr12",2071172,2071211,"AGGC","WNT5B",423959
"chr14",34557496,34557555,"AAG","SNX6",3537
"chr20",5525902,5525941,"AAAAG","LINC00654",0
"chr7",98140077,98140199,"AAAG","LMTK2",0
"chrX",17737422,17737448,"C","SCML1",0
"chr18",62062882,62062912,"A","PIGN",0
"chr1",232725261,232725453,"C","LINC01744",1797
"chr10",70367958,70367996,"AACAT","LRRC20",0
"chr16",67980836,67980895,"AAATG","DPEP3",286
"chr2",33450778,33450855,"A","RASGRP3",0
"chr4",30716893,30716931,"AGC","PCDH7",3437
"chr14",54915496,54915633,"AAAAG","GCH1",12669
"chr15",54926029,54926081,"A","LOC105370829",130641
"chr3",70979279,70979328,"A","FOXP1",0
"chr18",55586153,55586229,"AGC","TCF4",0
"chr4",139315001,139315075,"AACCT","NAA15",0
"chr9",81711953,81712016,"A","TLE1-DT",0
"chr3",22697638,22697702,"A","ZNF385D",324316
"chr6",64295320,64295577,"AAG","EYS",0
"chr3",188658122,188658159,"AAACT","LPP",0
"chr12",103840377,103840422,"AGATG","NT5DC3",0
"chr14",63924834,63924863,"A","SYNE2",0
"chr2",9521840,9521868,"AGGC","ADAM17",0
"chr5",79180364,79180632,"AAAGG","DMGDH",0
"chr2",23711342,23711382,"A","KLHL29",2730
"chr1",6153827,6153856,"AAAAC","CHD5",0
"chr7",8915821,8915869,"A","NXPH1",162859
"chr1",21527009,21527046,"AAAAG","ALPL",0
"chr2",76050263,76050289,"A","LOC105374813",322139
"chr2",169876531,169876570,"AATAC","UBR3",0
"chr4",4411743,4411794,"AAAAC","NSG1",0
"chr21",40378554,40378609,"A","DSCAM",0
"chr8",107510055,107510081,"A","ANGPT1",11999
"chr4",110233564,110234234,"ACACAT","ELOVL6",34364
"chrX",151562811,151562895,"C","PASD1",779
"chr10",109344683,109344743,"AAAAG","LINC02661",503996
"chr8",19117863,19117896,"A","LOC105379301",0
"chr2",74203843,74203928,"AAACT","MTHFD2",0
"chr12",67140354,67140379,"A","LOC102724421",43943
"chr16",72315222,72315251,"AAAAC","LINC01572",0
"chr13",87963153,87963186,"AATAC","LINC00397",159344
"chr12",124771191,124771243,"AAAAG","SCARB1",5612
"chrX",118830261,118830313,"A","ZCCHC12",3292
"chr6",159755723,159755790,"A","WTAP",0
"chr8",111156005,111156061,"A","LINC01609",0
"chr7",149581085,149581150,"AAAACC","ZNF767P",0
"chr14",34545553,34545606,"AAG","LOC112268123",0
"chr15",85896280,85897561,"AG","MIR548AP",70549
"chr7",42734099,42734214,"AAG","LINC01448",27651
"chrX",31284557,31284607,"AAG","DMD",0
"chr1",4302983,4303071,"AACGG","LINC01777",108955
"chr3",116846694,116846719,"ACAG","LSAMP",0
"chr11",44030057,44030084,"A","ACCSL",17896
"chr3",113260657,113260753,"AACAG","BOC",0
"chr20",49097938,49097967,"A","CSE1L",977
"chr1",185076268,185076308,"A","RNF2",0
"chr16",78723554,78723650,"AAAAG","WWOX",0
"chr19",53104779,53104804,"AACAT","ZNF160",1344
"chr8",99832341,99832366,"A","VPS13B",0
"chr4",150697325,150697351,"A","LRBA",0
"chr7",140503881,140503939,"A","DENND2A",14480
"chr8",8293795,8293852,"A","PRAG1",23883
"chrX",52990779,52990857,"AAAAG","FAM156A",0
"chr8",144234498,144234534,"A","MROH1",0
"chr11",37190545,37190600,"AG","LOC107984325",514849
"chrX",76790727,76790770,"A","MIR325HG",0
"chr20",19663396,19663496,"AGG","SLC24A3",0
"chr2",119973655,119973682,"A","PTPN4",0
"chr2",140252062,140252119,"A","LRP1B",0
"chr20",36609156,36609256,"AC","RAB5IF",0
"chr2",190880872,190880920,"AGC","GLS",0
"chrX",117494529,117494602,"A","KLHL13",403210
"chr6",4759879,4759971,"A","CDYL",0
"chrY",56861812,56861838,"A","REREP2Y",30653663
"chr16",81058030,81058064,"AAAAC","C16orf46",0
"chr7",140706005,140706109,"AACAT","NDUFB2",0
"chr20",63693450,63693767,"ACCTCC","RTEL1",0
"chr16",3849378,3849494,"AC","CREBBP",0
"chr15",85650755,85650790,"A","AKAP13",0
"chr17",48857974,48858074,"AATAG","CALCOCO2",0
"chr8",7805607,7805642,"A","FAM90A10",33618
"chr9",98907786,98907839,"A","COL15A1",35339
"chr13",69685009,69685051,"A","KLHL1",15542
"chrX",74979327,74979373,"A","NEXMIF",53854
"chr10",93622639,93622678,"A","PDE6C",0
"chr14",58799627,58799680,"A","LINC01500",0
"chr2",228501701,228501740,"A","LINC01807",0
"chr5",118113455,118113641,"AGGAT","LINC02147",0
"chr3",7805238,7805334,"AAAG","GRM7",63704
"chr1",69898662,69898691,"AGC","LRRC7",0
"chrX",79200401,79200469,"A","GPR174",25082
"chr7",88524435,88524541,"ACTAT","LOC107986816",0
"chr3",10873385,10873956,"AGGAT","SLC6A11",0
"chr14",68456869,68456921,"A","RAD51B",0
"chr2",117384352,117384386,"A","DDX18",430304
"chr10",67849297,67849359,"AAGAG","DNAJC12",11108
"chrX",107910768,107910838,"AAAGG","MID2",0
"chr4",137322710,137322745,"AAG","LINC02511",109910
"chr3",124054357,124054391,"AAAAAT","KALRN",0
"chr2",3651320,3651442,"AC","COLEC11",6675
"chr2",128340352,128341395,"ACC","HS6ST1",21483
"chr3",16009074,16009101,"AAAAAC","LOC107986064",37820
"chr2",197418234,197418264,"A","SF3B1",0
"chrX",106055089,106055125,"AAAAG","SERPINA7",16361
"chr2",42607056,42607136,"ACCTCT","MTA3",0
"chr14",48112909,48113007,"ACTAT","LOC101927483",81166
"chr6",54360841,54360872,"A","TINAG",0
"chr5",70633078,70633198,"AAAAG","LOC101929599",142307
"chr7",84690929,84691290,"AAG","LINC03017",106606
"chr18",6391752,6391780,"ACT","L3MBTL4",0
"chrX",13865542,13865605,"A","GPM6B",0
"chr13",62984005,62984045,"A","LINC00448",187290
"chr2",58120169,58120208,"A","VRK2",0
"chr2",89655384,89655425,"A","KMT2CP4",14748
"chr4",138752130,138752194,"AAACC","LOC105377448",67759
"chr12",116096354,116096381,"A","MED13L",0
"chr1",21694572,21694607,"A","USP48",0
"chr16",46788145,46788170,"A","MYLK3",0
"chr7",2812636,2812697,"ACATC","GNA12",0
"chr17",43408698,43408761,"AAAAG","ARL4D",7560
"chr18",78291851,78291888,"A","LINC01029",298119
"chr19",39230152,39230229,"AAAGG","IFNL3",13225
"chr2",3690265,3690457,"C","ALLC",0
"chr6",14098857,14098900,"A","CD83",18355
"chr8",76471330,76471365,"A","LINC01111",0
"chr2",134381330,134381433,"AGAT","MGAT5",0
"chr1",100567975,100568121,"AGAGAT","GPR88",25953
"chr8",126568615,126568678,"A","LOC105375751",0
"chrX",12382472,12382583,"AGCAT","FRMPD4",0
"chr14",61623380,61623412,"A","PRKCH",0
"chr3",48055175,48055241,"ACGGAG","MAP4",0
"chr3",174828167,174828195,"AACAC","NAALADL2",0
"chrX",88385605,88385645,"A","CPXCR1",361579
"chr2",147119532,147119615,"A","LINC01911",217593
"chr6",56812101,56812153,"AAAAG","DST",0
"chr1",92064727,92064766,"A","EPHX4",1188
"chr19",1164603,1164993,"AGG","LOC102723798",0
"chr6",36275948,36275975,"AAAG","PNPLA1",0
"chr6",48170023,48170049,"A","PTCHD4",58825
"chr8",5814368,5814398,"A","LOC107986908",38739
"chr2",17331231,17331267,"ACACAT","RAD51AP2",179311
"chr14",73795938,73795977,"AAATAT","MIDEAS-AS1",0
"chr4",130425191,130425241,"A","LINC02479",0
"chr9",96947318,96947356,"A","MFSD14C",0
"chr11",121765653,121765769,"AG","LOC107984402",0
"chr11",75127393,75127546,"AAAG","SLCO2B1",0
"chr7",138100088,138100118,"A","AKR1D1",0
"chr8",103967170,103967200,"A","RIMS2",0
"chr8",105617020,105617060,"A","ZFPM2",0
"chr2",80596279,80596327,"A","CTNNA2",0
"chr4",138612435,138612517,"AGATG","LINC00499",0
"chr12",71006874,71006913,"A","PTPRR",86135
"chr20",23531819,23531866,"A","CST13P",0
"chr21",10471356,10471384,"A","BAGE2",0
"chr2",58151731,58151767,"A","VRK2",0
"chrX",92717887,92717919,"A","PCDH11X",94656
"chr4",80669149,80669178,"A","CFAP299",0
"chr9",34202624,34202678,"AC","UBAP1",0
"chr9",103763119,103763162,"AACAG","LOC101928523",236592
"chr4",2387056,2387082,"CCCCGG","ZFYVE28",0
"chr2",117362373,117362403,"A","DDX18",452287
"chr4",119970038,119970070,"A","LINC02502",5744
"chr4",87486888,87486929,"A","SPARCL1",0
"chr22",34993960,34993995,"ACT","LINC02885",0
"chr1",119838074,119838149,"A","NBPF7P",0
"chr14",27731980,27732067,"AATAT","MIR3171HG",0
"chr15",89325037,89325274,"ACTC","POLG",0
"chr3",50868901,50868926,"A","DOCK3",0
"chr3",50869342,50869390,"A","DOCK3",0
"chr20",34269946,34269989,"A","AHCY",0
"chr5",102766926,102766957,"A","PAM",0
"chr10",26818158,26818195,"A","ABI1",0
"chr11",131003592,131003630,"A","SNX19",87112
"chr21",36612457,36612486,"AATAT","LOC105369308",20194
"chr7",105641214,105641244,"A","ATXN7L1",0
"chr6",124616407,124616491,"A","NKAIN2",0
"chr12",65083734,65083860,"AAAAG","WIF1",0
"chr7",9022900,9022938,"A","NXPH1",269938
"chrY",11292890,11293252,"ACTCC","LOC105379273",77857
"chr17",45176864,45176964,"AAAG","LOC105371795",5378
"chr2",38479830,38479872,"A","LINC02613",0
"chr5",62598391,62598556,"AAAG","IPO11",0
"chr1",39664490,39664529,"AGAGG","NT5C1A",0
"chr12",95637119,95637226,"AACGT","PGAM1P5",0
"chr2",108750556,108750605,"AAAAG","RANBP2",0
"chr3",104140759,104140796,"A","MIR548AB",616642
"chr7",84463237,84463266,"A","SEMA3A",0
"chrX",125351217,125351316,"AG","TEX13C",26000
"chr14",99423588,99423614,"A","SETD3",0
"chr2",143330094,143330145,"A","ARHGAP15",0
"chr20",5111607,5111647,"A","TMEM230",0
"chr17",4413485,4413530,"AAGC","SPNS3",20409
"chr16",68167810,68167849,"A","NFATC3",0
"chr1",51530170,51530205,"A","EPS15-AS1",0
"chr15",22963494,22963558,"AACAT","NIPA2",94131
"chr2",237343514,237343576,"A","COL6A3",0
"chr16",56657099,56657170,"A","MT1F",788
"chrX",151703857,151703913,"A","PRRG3",0
"chr19",21574162,21574206,"AACGC","LOC101929007",0
"chr2",15681077,15681218,"C","LINC01804",9563
"chr7",111762747,111762786,"A","DOCK4",0
"chr7",79191378,79191435,"A","MAGI2",0
"chr13",38580328,38580381,"AGAT","LINC00366",0
"chrX",17050115,17050197,"AAAG","REPS2",0
"chr5",27969169,27969195,"A","LINC02103",316768
"chr10",65736200,65736242,"A","LINC01515",0
"chr10",97678880,97679000,"AC","AVPI1",0
"chr5",28621680,28621732,"A","LOC105374701",0
"chr4",66357154,66357181,"A","MIR1269A",80225
"chr11",84861618,84861651,"A","DLG2",0
"chr12",100806508,100806560,"A","GAS2L3",178219
"chr8",67794909,67794958,"AATTC","CPA6",48530
"chr4",38355979,38356005,"AAT","LINC02513",10908
"chr14",97220651,97220688,"A","LINC02304",61914
"chr6",125840868,125840910,"A","NCOA7",0
"chr6",152253818,152253860,"A","SYNE1",0
"chr12",60079314,60079342,"A","SLC16A7",289458
"chr2",36966898,36966928,"AC","STRN",361
"chr19",7945187,7945218,"ACACT","TIMM44",1519
"chr3",129172576,129172659,"AGGC","CNBP",0
"chr19",54188015,54188070,"AAAG","LILRB3",28207
"chr18",31943293,31943331,"CCCCCG","TRAPPC8",156
"chr2",150666094,150666139,"A","LINC02612",30275
"chr8",124172008,124172036,"C","FER1L6-AS2",485
"chr2",112095165,112095212,"A","TMEM87B",0
"chrX",64362471,64362502,"A","MTMR8",0
"chr16",63759346,63759379,"AAAAT","LINC02165",3461
"chr19",15712435,15712471,"A","CYP4F12",15260
"chr4",154028662,154028695,"A","LOC101927947",0
"chr7",89103048,89103083,"A","ZNF804B",0
"chr1",65855142,65855169,"AATAT","PDE4B",0
"chr14",102706114,102706142,"A","RCOR1",0
"chr15",67340426,67340464,"A","IQCH",0
"chr7",121088763,121088792,"A","CPED1",0
"chr13",56815162,56815198,"A","PRR20A",325719
"chr19",35922045,35922070,"A","LRFN3",13479
"chr4",117301472,117301539,"AC","LINC02262",13057
"chr8",112213627,112213673,"A","CSMD3",9254
"chr12",37530841,37530877,"A","ALG10B",785884
"chr4",1707225,1707297,"A","SLBP",0
"chrX",86105422,86105470,"A","DACH2",42980
"chr6",160000728,160000753,"A","IGF2R",0
"chr5",146878727,146878759,"AGC","PPP2R2B",0
"chr2",56329945,56329981,"A","CCDC85A",0
"chr7",135330581,135330649,"A","LOC107984123",12828
"chr5",111846420,111846445,"A","NREP",0
"chr22",28844394,28844518,"AAG","ZNRF3",39053
"chr12",19167405,19167434,"A","PLEKHA5",0
"chr20",62334753,62334783,"AGGGCG","LAMA5",0
"chr5",18990486,18990515,"A","LINC02100",244312
"chr9",27981534,27981589,"A","LINGO2",0
"chr5",174456838,174456919,"A","LINC01411",0
"chr8",135082366,135082400,"ATCCC","LINC01591",151730
"chr5",121961698,121961747,"AC","SRFBP1",227
"chr5",63129971,63130010,"A","IPO11",501388
"chr9",6428533,6428571,"A","UHRF2",0
"chr1",189586102,189586189,"ACAT","LINC01701",189275
"chr16",75969187,75969375,"AAG","LOC105371347",108317
"chr2",18140058,18140126,"A","KCNS3",0
"chr20",41707366,41707681,"AAAG","CHD6",88981
"chr22",34811288,34811350,"AAAG","LINC02885",0
"chr7",118703761,118703820,"A","LOC105375473",189930
"chr19",4247582,4247698,"AC","YJU2",0
"chr5",67449929,67449954,"A","LINC02997",7666
"chr14",36294279,36294304,"A","MBIP",4259
"chr2",200578150,200578184,"AGATAT","SGO2",0
"chr2",6331311,6331341,"A","LOC105373401",0
"chr9",87662560,87662585,"A","DAPK1",0
"chr18",3898908,3898933,"AAAGT","DLGAP1",0
"chr3",104461816,104461845,"A","ALCAM",905063
"chr3",15091210,15091237,"A","RBSN",0
"chr2",103869711,103869742,"AAAAC","LOC107985927",0
"chr10",31970051,31970081,"C","KIF5B",38933
"chr15",100710308,100710454,"ACCTCC","LOC105371024",5794
"chr17",17619234,17619298,"A","PEMT",27525
"chr1",174854715,174854760,"A","RABGAP1L",0
"chr4",77451939,77451964,"AACAAT","LOC105377295",0
"chr3",35980730,35980853,"AAAG","ARPP21",186233
"chr1",27620991,27621071,"A","FGR",0
"chr10",96888363,96888391,"A","LCOR",0
"chr5",98154102,98154139,"A","LINC01846",0
"chrX",123051950,123052002,"A","GRIA3",132150
"chr11",32373809,32373850,"A","WT1",13924
"chr20",46411195,46411239,"AC","ELMO2",0
"chr7",116880696,116880734,"A","CAPZA2",0
"chr7",83050208,83050237,"A","PCLO",0
"chr13",27990710,27991393,"ACCTAT","URAD",2016
"chr4",94023861,94023900,"A","SMARCAD1-DT",93891
"chr5",88603677,88603702,"A","LINC00461",0
"chr8",38556577,38556825,"AAG","C8orf86",0
"chr2",64549308,64549338,"A","AFTPH",0
"chr2",38337486,38337517,"A","ATL2",0
"chr3",42092681,42092772,"AACAT","TRAK1",0
"chr8",124619932,124619966,"AAAAG","MTSS1",0
"chr11",77429056,77429094,"A","PAK1",0
"chr7",121047646,121047717,"AAG","CPED1",0
"chr18",29262552,29262587,"A","LOC105372045",367254
"chr13",53428301,53428359,"AAAAT","LINC01065",276386
"chr22",24042818,24042877,"AC","SUSD2",138609
"chr6",87736845,87736935,"C","AKIRIN2",34611
"chr11",87129213,87129260,"A","TMEM135",0
"chr1",54276608,54276633,"A","SSBP3",0
"chr12",65576121,65576152,"A","MSRB3-AS1",0
"chr2",212240637,212240685,"A","ERBB4",0
"chr15",89609100,89609128,"A","TICRR",0
"chr2",236502548,236502580,"A","IQCA1",0
"chr1",236823796,236823829,"A","MTR",0
"chr8",109410698,109410747,"A","PKHD1L1",0
"chr12",6518504,6518534,"A","NCAPD2",0
"chr13",57159435,57159462,"C","PRR20D",1169
"chr10",19108380,19108425,"A","MALRD1",0
"chr13",109291198,109291253,"A","LINC00370",0
"chr6",48692120,48692146,"A","PTCHD4",580922
"chr15",59562014,59562039,"A","GCNT3",32835
"chr4",90675684,90675739,"A","CCSER1",0
"chr19",21707311,21707376,"AGGGAT","LOC400682",51010
"chr9",123845670,123845695,"A","DENND1A",0
"chr10",110360245,110360279,"AAAAG","SMNDC1",55306
"chr17",67953938,67954002,"A","BPTF",0
"chr8",52698670,52698727,"A","RB1CC1",0
"chr5",161580927,161580959,"A","GABRA6",0
"chr4",186136936,186137019,"AG","FAM149A",0
"chr7",127922175,127922208,"A","SND1",0
"chr11",65166373,65166427,"A","SPDYC",3805
"chr3",124946996,124947044,"A","MUC13",0
"chr7",8678928,8678963,"A","NXPH1",0
"chr10",109812365,109812437,"A","XPNPEP1",52328
"chr4",106668851,106668884,"A","LOC105377356",0
"chr1",115337247,115337305,"A","NGF",0
"chr2",13620251,13620304,"A","LINC00276",90226
"chr6",54279618,54279651,"A","MLIP",13337
"chr3",19568956,19568998,"A","LOC105376982",0
"chr9",78079760,78079792,"AACAG","GNAQ",47948
"chr3",33213773,33213803,"AAAAC","SUSD5",0
"chr14",79049022,79049074,"A","NRXN3",0
"chr3",120872624,120872733,"AAAGC","LOC105374069",0
"chr11",71773118,71773210,"AATAT","ALG1L9P",0
"chr12",3621648,3621681,"A","CRACR2A",0
"chr5",66184194,66184259,"A","SREK1",578
"chr18",49579740,49579832,"AAAAG","LIPG",0
"chr5",62470816,62470845,"A","IPO11",0
"chr10",38047624,38047664,"A","ZNF33A",0
"chr9",17645151,17645182,"A","SH3GL2",0
"chr6",42845195,42845248,"A","BICRAL",0
"chr3",149017582,149017612,"A","GYG1",0
"chr2",68525723,68525767,"A","APLF",0
"chr7",132188951,132188995,"AAAGG","PLXNA4",0
"chr14",29056931,29056982,"A","LINC02326",0
"chrX",96105973,96106015,"A","LOC105373294",22250
"chr1",109055079,109055138,"A","TAF13",7357
"chr4",49336515,49336548,"A","CWH43",274433
"chr2",35967505,35967534,"ACTAT","MIR548AD",496018
"chr3",121948422,121948459,"A","SLC15A2",4233
"chr3",126044895,126044924,"A","SLC41A3",0
"chr4",164758801,164758841,"A","SMIM31",0
"chr6",166641719,166641764,"A","RPS6KA2",0
"chr7",106267840,106267876,"A","NAMPT",0
"chr9",36277334,36277386,"A","CLTA",0
"chr4",122321979,122322015,"A","KIAA1109",0
"chr7",42442667,42442702,"A","GLI3",178566
"chr7",54164230,54164288,"A","LINC01445",166381
"chr20",38194563,38194636,"ATCC","KIAA1755",15866
"chr4",62453162,62453190,"A","LOC101927145",232687
"chr5",162090245,162090355,"ACACAT","GABRG2",0
"chr12",45054185,45054225,"A","DBX2",3085
"chr12",47524377,47524421,"A","LINC02156",104184
"chr17",5846105,5846149,"A","LOC339166",0
"chr8",8990362,8990490,"A","ERI1",11656
"chr11",109279991,109280019,"A","C11orf87",142170
"chr3",139876234,139876270,"A","CLSTN2",58914
"chr3",182312520,182312557,"A","LINC01994",134412
"chr3",187917515,187917568,"A","LOC105374265",15195
"chr9",63819193,63819269,"A","MIR4477B",304
"chr6",84682567,84682621,"A","TBX18",4751
"chrX",83707982,83708026,"A","CYLC1",153099
"chr2",61072821,61072850,"A","SANBR",0
"chr4",89061579,89061609,"A","FAM13A",0
"chr12",103840379,103840466,"ATCCC","NT5DC3",0
"chr1",54836266,54836330,"AGGC","LEXM",0
"chr2",189744990,189745029,"ACT","ANKAR",0
"chr6",450989,451027,"A","LOC105374875",2363
"chr12",91421187,91421221,"A","LOC105369896",0
"chr16",85834072,85834384,"AGGG","COX4I1",27003
"chr22",16465469,16465497,"A","CCT8L2",125253
"chr3",155836280,155836313,"A","SLC33A1",0
"chr5",174743269,174743475,"AGGG","MIR4634",8258
"chrX",147918555,147918580,"A","FMR1",0
"chrX",88289062,88289091,"A","CPXCR1",458133
"chr10",4432349,4432393,"A","LINC00703",21734
"chr19",56658673,56658746,"A","ZIM2-AS1",0
"chr4",132869610,132869640,"A","LINC01256",191106
"chr2",62665193,62665250,"AG","EHBP1",8600
"chr6",85706904,85706934,"AAAAC","SNHG5",27971
"chr3",118647917,118648000,"AATAG","LOC105374060",0
"chr7",26717509,26717542,"A","SKAP2",0
"chr4",66984045,66984074,"A","LOC101927237",433230
"chr4",3815621,3815658,"ACTAT","ADRA2C",47094
"chr11",34079905,34079940,"A","CAPRIN1",0
"chr15",65239424,65239489,"A","PARP16",0
"chr9",99315287,99315315,"A","NAMA",40021
"chr1",179660211,179660237,"A","TDRD5",0
"chr1",34802227,34802447,"AAACC","SMIM12",0
"chr2",134209141,134209188,"A","MGAT5",0
"chr2",99454550,99454591,"A","REV1",0
"chr4",80127287,80127325,"A","ANTXR2",1832
"chr1",97469397,97469428,"A","DPYD",0
"chr18",21859886,21859911,"A","MIB1",0
"chr7",124321355,124321386,"A","LOC107986841",0
"chr22",20817734,20817772,"A","PI4KA",0
"chr2",138069135,138069171,"A","LINC01832",32706
"chr17",40140317,40140430,"AC","CASC3",0
"chr18",63063659,63063747,"A","BCL2",59598
"chr7",112296857,112296945,"A","ZNF277",0
"chrX",129936597,129936656,"A","LOC105373335",0
"chr15",24414845,24414879,"AATAT","PWRN1",0
"chr2",165415475,165415501,"A","SCN2A",23164
"chr10",16355776,16355816,"A","LINC02654",59917
"chr20",15206721,15206747,"A","MACROD2",0
"chr6",8516565,8516591,"A","LOC105374914",0
"chr2",50829999,50830030,"A","NRXN1",0
"chr7",132561274,132564422,"AGG","PLXNA4",0
"chrX",16830830,16830886,"AC","TXLNG",0
"chr6",27540734,27540773,"A","LOC105375001",46297
"chr4",10610033,10610074,"A","CLNK",0
"chr4",28456296,28456325,"AAAAC","LOC105374557",0
"chr17",20684325,20684372,"AGCGGC","LOC100287072",32108
"chr8",9283284,9283390,"AAAGG","ERI1",166537
"chr1",224516312,224516341,"A","CNIH3",0
"chr1",38994672,38994706,"A","AKIRIN1",0
"chr5",123506466,123506493,"AAT","CSNK1G3",5683
"chrX",24806053,24806109,"A","POLA1",0
"chr12",51780565,51780604,"A","SCN8A",0
"chr4",82562847,82562915,"A","TMEM150C",489
"chr11",23486338,23486367,"A","MIR8054",67147
"chr4",94340311,94340356,"A","HPGDS",0
"chr22",43586340,43586366,"A","EFCAB6",0
"chr2",150817248,150817278,"AAAT","LINC02612",181429
"chr12",9185790,9185822,"AAAAG","PZP",0
"chr8",72778733,72778803,"A","KCNB2",0
"chr13",62811960,62812019,"A","LINC00448",15245
"chr16",67092698,67092730,"A","CBFB",0
"chr3",107138692,107138727,"A","LOC107986021",0
"chr3",44269471,44269502,"A","TOPAZ1",0
"chr4",176177985,176178031,"A","WDR17",0
"chr1",54510616,54510666,"AAACC","LOC105378735",3750
"chr13",44444278,44444334,"A","TSC22D1",0
"chr13",63451528,63451555,"A","LINC00376",123398
"chr19",57843590,57843620,"A","ZNF587",0
"chr4",160671023,160671077,"AGGC","LINC02477",84205
"chr7",77564746,77564776,"A","PTPN12",0
"chrY",17094861,17094907,"A","FAM41AY1",406050
"chr11",33251665,33251714,"A","HIPK3",4957
"chr19",36933899,36933942,"A","ZNF568",0
"chr20",24687392,24687438,"A","SYNDIG1",20775
"chr3",11030750,11030810,"ATCCC","SLC6A1",0
"chr5",14515213,14515257,"A","TRIO",0
"chr5",66685262,66685306,"AAAAC","MAST4",0
"chr16",63260520,63260551,"A","LOC105371308",53712
"chr4",90461053,90461083,"A","CCSER1",0
"chr9",123516884,123516919,"A","DENND1A",0
"chr14",77269794,77269823,"C","NGB",0
"chr21",25730736,25730775,"A","ATP5PF",0
"chr1",39039712,39039752,"A","NDUFS5",5075
"chr2",186802718,186802745,"A","ZSWIM2",24729
"chr6",34728253,34728283,"A","SNRPC",29221
"chr8",24325871,24325914,"A","ADAM28",0
"chr11",38306018,38306050,"A","LINC02759",312213
"chr17",15475286,15475348,"AAAAG","CDRT4",0
"chr1",78205721,78205765,"A","MGC27382",23833
"chr13",84509844,84509875,"A","LINC00333",0
"chr9",93407118,93407157,"AGATAT","LOC107987097",24283
"chr22",35416511,35416572,"AC","MCM5",0
"chr4",131290697,131290727,"C","LINC02377",88989
"chr8",88664398,88664435,"A","LOC105375630",0
"chr11",7554785,7554817,"ACTAG","PPFIBP2",0
"chr1",233067365,233067404,"A","PCNX2",0
"chrX",13722208,13722234,"A","TRAPPC2",0
"chr14",74712038,74712107,"A","AREL1",0
"chr14",28440929,28440964,"A","LINC02300",151258
"chr5",143820318,143820350,"A","HMHB1",0
"chr11",93163775,93163805,"ACAT","SLC36A4",0
"chr14",63430346,63430433,"ACAT","PPP2R5E",0
"chr2",74561051,74561261,"AGG","M1AP",0
"chr5",147765030,147765090,"AAAG","JAKMIP2",0
"chr7",69872834,69872860,"A","AUTS2",0
"chr9",74032,74088,"AC","PGM5P3-AS1",0
"chr22",24900340,24900408,"AAAG","SGSM1",0
"chr11",70261572,70261625,"A","FADD",54181
"chr3",86335757,86335855,"AAAAT","LOC102723364",68332
"chr3",128587079,128587194,"AAAGG","LINC01565",10992
"chr8",70314180,70314208,"A","NCOA2",0
"chrX",78390428,78390453,"A","CYSLTR1",62736
"chr18",9605566,9605595,"A","PPP4R1",0
"chr20",43461337,43461374,"A","SRSF6",0
"chr1",220044681,220044713,"A","EPRS1",0
"chr2",26381198,26381229,"A","SELENOI",0
"chr19",48028473,48028518,"A","CABP5",864
"chr3",99957693,99957721,"A","CMSS1",0
"chrX",32628258,32628295,"A","DMD",0
"chr7",132085675,132085736,"AGATAT","PLXNA4",37603
"chr3",173419020,173419054,"A","NLGN1",0
"chr15",52291731,52291756,"A","MYO5C",0
"chr15",20180023,20180085,"A","CHEK2P2",102658
"chr14",40089013,40089049,"A","LOC105370462",0
"chr15",46982517,46982550,"AATAT","SEMA6D",201550
"chr18",21738806,21738867,"A","MIB1",0
"chr13",39796375,39796419,"A","COG6",4709
"chr21",46134350,46134739,"ACCCTG","COL6A2",1501
"chr5",176194857,176194887,"AGGGGC","LOC643201",0
"chr15",49479599,49479628,"A","FGF7",0
"chr3",163347745,163347793,"A","LINC01192",0
"chr9",122766036,122766091,"A","OR1L6",15252
"chr15",41762461,41762491,"A","MGA",0
"chr2",23878014,23878039,"A","ATAD2B",0
"chr14",28716242,28716268,"A","FOXG1-AS1",10406
"chr15",73876199,73876245,"A","TBC1D21",0
"chr6",37886237,37886281,"A","ZFAND3",0
"chr10",116732328,116732353,"AAAG","HSPA12A",0
"chrY",11292270,11292679,"ACTCC","LOC105379273",77237
"chr10",32115265,32115779,"AAG","KIF5B",58839
"chr10",63486137,63486175,"A","JMJD1C",0
"chr4",183350027,183350107,"AAAAG","CLDN24",27600
"chr1",230814264,230814324,"A","CAPN9",12260
"chr16",30136358,30136419,"A","MAPK3",12851
"chr1",21765901,21765937,"A","USP48",0
"chr6",89242663,89242692,"AGGC","GABRR1",11384
"chr2",3592253,3592336,"ACGGAG","COLEC11",2495
"chr14",91468667,91468706,"A","PPP4R3A",0
"chr3",50698517,50698542,"A","DOCK3",0
"chr12",68568308,68568355,"A","RAP1B",42499
"chr14",47370468,47370498,"A","MDGA2",0
"chr17",64119376,64119405,"A","ERN1",0
"chr4",183643415,183643447,"A","RWDD4",0
"chr10",101946071,101946103,"A","ARMH3",0
"chr17",70380901,70380933,"AAATG","KCNJ2",200856
"chr17",6874223,6874266,"A","ALOX12P2",0
"chr18",43255847,43255875,"A","SYT4",12016
"chrX",147700725,147700760,"A","LOC105373349",178600
"chrX",35960380,35960407,"A","CFAP47",0
"chr14",40946462,40946505,"AGAT","LINC02315",8187
"chr22",28243174,28243213,"A","TTC28",0
"chr5",116872683,116872716,"AAGAT","LINC02214",110473
"chr12",123569501,123569569,"ACTCT","TMED2-DT",6321
"chr10",56985601,56985638,"A","MIR3924",318840
"chr13",25305130,25305161,"A","NUP58",0
"chr13",90786087,90786112,"A","LINC00410",104841
"chr19",50520203,50520266,"A","LRRC4B",0
"chr2",31804908,31804939,"A","LINC01946",927
"chr2",84089290,84089328,"A","FUNDC2P2",201448
"chr3",53936730,53936759,"A","SELENOK",44844
"chr4",15081740,15081778,"A","C1QTNF7-AS1",0
"chr5",139458500,139458560,"A","DNAJC18",14008
"chr7",15202458,15202489,"A","AGMO",0
"chr11",108837607,108837642,"A","DDX10",0
"chr5",50364184,50364211,"A","EMB",31980
"chr1",213566437,213566491,"A","LOC105372912",0
"chr10",111504944,111504973,"A","LOC105378486",282259
"chr17",65018092,65018139,"A","GNA13",0
"chr12",98953537,98953566,"A","ANKS1B",0
"chr4",123677332,123677358,"A","LINC01091",0
"chr5",13465674,13465707,"A","DNAH5",224620
"chr7",15568636,15568684,"A","AGMO",6620
"chr9",67646178,67646203,"A","FAM27E3",71207
"chr11",117021928,117021961,"A","SIK3",0
"chr14",105680149,105680235,"AGGGGC","MIR8071-2",39916
"chr12",86947633,86947682,"A","MGAT4C",108634
"chr7",152113712,152113754,"A","GALNT11",0
"chr2",51805320,51805439,"ACC","LOC730100",0
"chr3",106246883,106246908,"A","LOC105374027",22507
"chr1",237262245,237262272,"A","RYR2",0
"chr7",132132380,132132561,"AACAG","PLXNA4",0
"chr12",56849058,56849087,"A","HSD17B6",61267
"chr12",30790031,30790061,"AGATAT","CAPRIN2",0
"chr15",76813227,76813255,"A","SCAPER",0
"chr8",63304224,63304258,"AAAAT","LOC105375875",80580
"chr1",9380195,9380378,"AAG","SPSB1",10662
"chr11",63194890,63194936,"A","SLC22A25",0
"chr15",98098308,98098338,"A","LINC01582",0
"chr2",230649370,230649397,"AAAG","LINC01907",40667
"chr7",65354519,65354551,"AGAGG","ZNF92",19247
"chr15",50638674,50638704,"ACAT","TRPM7",0
"chr10",96415716,96415775,"AG","TLL2",0
"chr12",47261484,47261509,"A","LOC105369746",0
"chr12",8226802,8226827,"A","FAM90A1",0
"chrX",113536090,113536129,"A","XACT",80170
"chr5",30441302,30441334,"A","CDH6",752351
"chrX",33026313,33026361,"A","DMD",0
"chr12",18193122,18193151,"A","RERGL",0
"chr14",47155888,47155931,"A","MDGA2",0
"chr3",72367151,72367182,"A","LOC105377158",47721
"chr6",35666394,35666419,"A","FKBP5",0
"chrY",18765213,18765248,"A","HSFY2",0
"chr5",34439260,34439285,"A","C1QTNF3",194463
"chr10",124045112,124045144,"A","CHST15",0
"chr6",136148470,136148499,"AGGC","LOC644135",0
"chr1",240241825,240241854,"A","FMN2",0
"chr14",89524371,89524403,"A","FOXN3",0
"chr8",93511859,93511898,"A","CIBAR1-DT",0
"chr15",72498961,72498998,"A","ARIH1",0
"chr3",180997846,180997877,"A","SOX2-OT",0
"chr20",34650685,34650731,"A","PIGU",0
"chr15",64711585,64711623,"A","OAZ2",8303
"chr3",113196641,113196671,"A","NEPRO-AS1",12263
"chr10",64215607,64215634,"AAAT","LOC105378333",178326
"chr6",45142736,45142764,"A","SUPT3H",0
"chr19",17463772,17463959,"AAGGAG","NXNL1",2845
"chr6",149613179,149613217,"A","KATNA1",0
"chr14",100260771,100260810,"A","YY1",0
"chr22",33865832,33865868,"A","LARGE1",0
"chr7",105159448,105159473,"A","SRPK2",0
"chrX",16573531,16573585,"A","CTPS2",14413
"chr5",121811839,121811874,"A","FTMT",40007
"chr14",57454742,57454797,"A","CCDC198",14502
"chr4",141096190,141096215,"A","RNF150",0
"chr10",16163612,16163648,"A","LINC02654",113222
"chr10",88172842,88172875,"A","RNLS",100988
"chr11",109102676,109102703,"A","DDX10",161676
"chr5",165255668,165255700,"A","LINC01938",13911
"chr5",41114979,41115016,"A","C6",27099
"chr9",131223699,131223752,"A","NUP214",0
"chr19",44546241,44546331,"A","CEACAM22P",0
"chr19",15462485,15462512,"AAAAAC","RASAL3",0
"chr17",62894947,62894977,"AATAT","MIR633",49237
"chr3",136418360,136418400,"A","STAG1",0
"chr4",116678561,116678592,"AGAT","LOC107986306",72880
"chr7",22866951,22866978,"A","SNHG26",0
"chr3",107616005,107616042,"A","BBX",0
"chr4",188037757,188037803,"A","ZFP42",32710
"chr5",138501222,138501309,"A","ETF1",4785
"chr1",105127540,105127574,"A","LOC105378880",95174
"chr2",207880762,207880834,"A","PLEKHM3",0
"chr14",30895053,30895079,"A","COCH",0
"chr12",133205144,133205173,"A","ZNF268",0
"chr9",81945273,81945317,"A","SPATA31D3",0
"chrX",33139868,33139896,"A","DMD",0
"chr16",85627044,85627076,"A","GSE1",0
"chr16",3653806,3653841,"A","DNASE1",0
"chr2",36948081,36948119,"A","STRN",0
"chrX",57676777,57676820,"A","NLRP2B",246
"chr11",23086525,23086553,"AGATAT","LINC02718",68129
"chr11",4534979,4535022,"A","OR52M1",10168
"chr9",34828911,34828948,"AGATAT","PHF24",0
"chr8",131732722,131732749,"A","EFR3A",171343
"chr13",45508068,45508099,"A","COG3",0
"chr6",68629854,68629892,"A","ADGRB3-DT",0
"chr16",56080522,56080593,"A","LOC105371281",3874
"chr4",12135558,12135588,"A","LINC02270",87856
"chr2",140256449,140256487,"A","LRP1B",0
"chr21",10085110,10085137,"A","LOC105372733",0
"chr22",37805258,37805291,"AGAGGC","H1-0",0
"chrY",19691791,19691834,"A","KDM5D",12030
"chr9",85448057,85448147,"AATAC","LOC105376121",3647
"chr3",147020933,147020960,"A","LOC112268449",21285
"chrX",32418972,32418998,"A","DMD",0
"chr10",4195960,4196017,"A","LINC00702",5123
"chr18",26727079,26727114,"AAAG","AQP4-AS1",0
"chr3",47671173,47671198,"A","SMARCC1",0
"chrY",5393657,5393705,"A","PCDH11Y",0
"chr10",21522266,21522291,"C","SKIDA1",0
"chr17",74482697,74482733,"AAAG","CD300A",0
"chr19",28778852,28778913,"AATAG","LOC100420587",51074
"chr2",65452229,65452258,"AAAG","LINC02934",0
"chr4",139092366,139092474,"AACAT","ELF2",0
"chr11",3539942,3539986,"A","LOC101927708",0
"chr8",68331783,68331812,"A","C8orf34",0
"chr3",183730041,183730087,"A","YEATS2",0
"chr1",39289693,39289725,"A","MACF1",0
"chr20",49047530,49047592,"A","CSE1L",0
"chr1",192215221,192215264,"A","LOC105371662",0
"chr2",220734933,220734963,"A","LOC105373895",0
"chr10",114138037,114138082,"A","CCDC186",0
"chr14",51599058,51599085,"A","LINC02310",0
"chr8",9313068,9313127,"A","ERI1",196321
"chr15",86741381,86741421,"A","AGBL1",0
"chr16",3760391,3760420,"A","CREBBP",0
"chr17",56792515,56793001,"ACC","C17orf67",0
"chr2",11636714,11637104,"AGGGGC","GREB1",0
"chr4",94734940,94734965,"A","BMPR1B-DT",8702
"chr6",156241143,156241194,"A","LOC101928923",0
"chrX",24309677,24309769,"A","SUPT20HL2",0
"chr10",22799372,22799404,"A","PIP4K2A",84793
"chr7",155795293,155795321,"A","SHH",4658
"chr14",30008252,30008290,"A","PRKD1",0
"chr1",212051442,212051486,"A","DTL",0
"chr14",76571114,76571152,"A","ESRRB",69276
"chr3",100869330,100869356,"A","ABI3BP",0
"chr4",125304652,125304677,"A","FAT4",10240
"chr4",157780816,157780934,"AGAT","LOC105377509",148136
"chr8",77708215,77708257,"A","LOC105375909",170924
"chr16",70357366,70357402,"A","DDX19A",0
"chr5",126966905,126966945,"A","MARCHF3",0
"chr5",88112314,88112369,"A","TMEM161B",77263
"chr6",37664842,37664906,"AC","MDGA1",0
"chr1",164048214,164048249,"A","PBX1",507334
"chr18",21860098,21860125,"A","MIB1",0
"chr11",21489380,21489408,"A","NELL1",0
"chr3",130723062,130723113,"A","PIK3R4",0
"chr16",10055047,10055122,"A","GRIN2A",0
"chr17",6966301,6966332,"A","ALOX12-AS1",0
"chr11",84714526,84714670,"AAAGAG","DLG2",0
"chr16",66589828,66589861,"A","CMTM2",1552
"chr1",103065522,103065547,"A","COL11A1",0
"chr11",120897601,120897627,"A","GRIK4",0
"chr9",35444124,35444151,"A","ATP8B5P",0
"chr7",139424850,139424915,"A","LUC7L2",1392
"chr1",204412047,204412079,"C","PPP1R15B",159
"chr1",40617242,40617274,"A","RIMS3",3405
"chr2",78379364,78379416,"AAGAG","LOC101927967",88894
"chr22",41438630,41438661,"A","TOB2",0
"chr4",107106858,107106887,"A","DKK2",0
"chr5",121648503,121648550,"A","FTMT",203331
"chr5",87229105,87229144,"A","LINC01949",0
"chr6",63196648,63196684,"A","LGSN",79266
"chr11",17288882,17288951,"AC","NUCB2",0
"chr1",220305500,220305556,"A","RAB3GAP2",32970
"chr19",23243475,23243501,"A","ZNF724",0
"chr17",34451903,34451929,"A","LOC105371739",27342
"chr5",106500117,106500157,"A","LINC01950",315039
"chr19",8268620,8268673,"A","CERS4",6198
"chr13",72904433,72904458,"A","PIBF1",0
"chr8",358395,358434,"A","FAM87A",17496
"chr17",57838289,57838317,"A","MRPS23",0
"chr20",50913250,50913288,"A","ADNP",0
"chr21",37926177,37926212,"A","KCNJ6",0
"chr4",140446743,140446783,"A","MGAT4D",0
"chr1",56555433,56555467,"A","PLPP3",0
"chr2",211328370,211328397,"A","ERBB4",47319
"chrX",64287999,64288049,"A","MTMR8",0
"chr20",31298455,31298482,"A","DEFB116",4729
"chr13",64571459,64571488,"A","LINC00355",495414
"chr17",59379856,59379881,"AAAAC","YPEL2",0
"chr3",13450553,13450586,"AAAAG","HDAC11-AS1",26395
"chr4",31108369,31108409,"A","PCDH7",0
"chr4",3919318,3919359,"AC","FAM86EP",0
"chr6",83298931,83298971,"A","ME1",0
"chr7",150755609,150755635,"AG","GIMAP5",5575
"chr15",78317561,78317666,"AATG","WDR61",17857
"chr3",63952835,63952866,"A","ATXN7",0
"chr9",75139027,75139057,"AAAG","OSTF1",0
"chrY",13197843,13197885,"A","UTY",36691
"chr7",82794450,82794489,"A","PCLO",0
"chr16",7034827,7034866,"A","RBFOX1",0
"chr12",78929409,78929446,"A","SYT1",0
"chr17",3519319,3520019,"ATCC","TRPV3",0
"chr17",50673978,50674037,"AG","ABCC3",0
"chr18",42965711,42965745,"A","RIT2",0
"chr3",103470270,103470302,"A","MIR548AB",53730
"chr13",89018758,89018810,"A","LINC00440",162513
"chr5",156857096,156857147,"A","PPP1R2B",4567
"chr3",61894301,61894334,"A","PTPRG",0
"chr1",203109187,203109221,"A","ADORA1",0
"chr15",51628997,51629068,"A","DMXL2",6163
"chr2",10199779,10199809,"A","RRM2",0
"chr3",62731805,62731830,"A","CADPS",0
"chr5",26170910,26170943,"A","CDH9",709653
"chrX",42062155,42062198,"A","CASK",138600
"chrY",56876124,56876174,"A","REREP2Y",30667975
"chrY",15619134,15619169,"A","NLGN4Y",773479
"chr1",23758259,23758290,"A","ELOA",0
"chr18",918391,918467,"AGAT","ADCYAP1",6218
"chr1",101261173,101261202,"A","S1PR1",17459
"chr1",189992194,189992248,"A","BRINP3",105409
"chr3",138788964,138788999,"A","PIK3CB",0
"chr8",36030349,36030395,"A","LOC112268026",0
"chrX",72983026,72983071,"A","PABPC1L2B-AS1",15316
"chr3",126343152,126343179,"C","KLF15",0
"chr3",63641696,63641726,"A","SNTN",10948
"chr4",167288082,167288124,"A","SPOCK3",53285
"chr16",74574883,74574913,"A","GLG1",0
"chr2",55695278,55695304,"A","PNPT1",1414
"chrX",66116416,66116458,"A","HEPH",46212
"chr16",75615480,75615516,"A","ADAT1",0
"chr15",68179564,68179592,"A","PIAS1",0
"chr8",121829587,121829613,"AAAT","HAS2-AS1",0
"chr21",18128296,18128341,"A","CHODL",0
"chrX",44922028,44922064,"A","KDM6A",0
"chrX",86698521,86698548,"A","DACH2",0
"chr19",41698739,41698791,"A","CEACAM5",9793
"chr7",112018143,112018180,"A","DOCK4",0
"chr9",100043258,100043291,"A","ERP44",0
"chrX",76042298,76042333,"A","PBDC1",130706
"chr4",43787626,43787675,"A","LOC105374438",185245
"chr14",44005177,44005362,"AAG","LINC02307",0
"chr8",69649972,69650009,"A","SULF1",0
"chr7",15270596,15270637,"A","AGMO",0
"chr1",170669425,170669454,"A","PRRX1",0
"chr1",9361151,9361183,"A","SPSB1",0
"chr10",15113463,15113489,"A","NMT2",0
"chr3",20149495,20149520,"A","KAT2B",0
"chr7",124015062,124015106,"A","LOC105375483",0
"chr9",31029076,31029131,"A","LINC01243",342479
"chr10",9147327,9147392,"A","LINC00709",128440
"chr18",78453395,78453434,"A","LOC105372224",455194
"chr15",32738083,32738145,"A","FMN1",27398
"chr19",22001892,22001938,"A","ZNF208",0
"chr4",112062553,112062612,"AGGC","FAM241A",82841
"chr5",157433833,157433861,"A","ADAM19",0
"chr16",24128051,24128077,"AAAAC","PRKCB",0
"chr13",97028158,97028205,"A","OXGR1",33427
"chr11",43143566,43143604,"A","HNRNPKP3",0
"chr3",25760860,25760920,"A","NGLY1",0
"chrX",114741524,114741549,"A","HTR2C",0
"chr11",114394174,114394311,"AAAAG","C11orf71",0
"chr11",72761901,72761942,"A","ARAP1",0
"chr2",38479666,38479712,"A","LINC02613",0
"chr13",28293387,28293416,"A","PAN3",0
"chr17",75212229,75212286,"A","NUP85",0
"chr1",214972470,214972515,"A","KCNK2",33259
"chr19",13794438,13794467,"A","C19orf53",15664
"chr7",117933848,117933918,"A","CTTNBP2",59708
"chr1",25312920,25312955,"A","RHD",0
"chr2",112402495,112402533,"AAAAG","RGPD8",0
"chr3",133371613,133371639,"A","TMEM108",0
"chr1",171044972,171045019,"A","MROH9",0
"chr12",24428726,24428759,"A","SOX5",0
"chr20",10161381,10161411,"A","SNAP25-AS1",0
"chr3",138646488,138646514,"A","PIK3CB",6183
"chr3",157212621,157212647,"A","LOC101928236",0
"chr6",91866402,91866438,"A","CASC6",175973
"chr1",175112598,175112635,"A","TNN",0
"chr1",216865187,216865218,"A","ESRRG",0
"chr2",28176569,28176596,"A","BABAM2",0
"chr11",92158964,92158993,"A","FAT3",65824
"chr14",72640046,72640080,"A","DPF3",0
"chr2",66095868,66095894,"A","LINC02934",0
"chr4",129053557,129053590,"A","SCLT1",0
"chr2",61684878,61685013,"AATAG","LOC107985767",43794
"chr7",29252578,29252606,"A","CHN2",0
"chr5",109372905,109372944,"A","PJA2",0
"chr20",62666121,62666156,"AAGGGG","SLCO4A1",0
"chrX",34987291,34987322,"A","FAM47B",42375
"chr11",40355935,40355997,"ACTAT","LRRC4C",0
"chr10",35720015,35720042,"AGGAT","PCAT5",58259
"chr9",95656899,95656941,"A","LOC105376158",50572
"chr7",28092290,28092326,"A","JAZF1",0
"chrX",32887745,32887776,"A","DMD",0
"chrX",11660530,11660578,"A","ARHGAP6",0
"chrX",77585583,77585623,"A","ATRX",0
"chr10",59869389,59869469,"A","CCDC6",0
"chr14",77894717,77894764,"A","ADCK1",0
"chr6",118569341,118569368,"A","CEP85L",0
"chrX",114734564,114734592,"A","HTR2C",0
"chrY",12877284,12877330,"A","USP9Y",16444
"chr12",187589,187631,"A","SLC6A12",2445
"chr3",20455665,20455690,"A","LOC107986067",166241
"chr15",47384814,47384845,"A","SEMA6D",0
"chr13",29071409,29071443,"A","MTUS2",0
"chr22",22482877,22482914,"A","POM121L1P",147631
"chr4",52524524,52524573,"A","LOC112268466",0
"chr7",153928396,153928421,"A","DPP6",0
"chr19",30617333,30617366,"A","ZNF536",0
"chr20",38971985,38972026,"A","DHX35",0
"chr9",77341691,77341720,"A","VPS13A",0
"chrX",16404447,16404473,"A","CTPS2",183525
"chr8",10074058,10074098,"A","RP1L1",532250
"chr7",71592496,71592611,"AAAAT","GALNT17",0
"chr5",141379889,141379919,"A","PCDHGA1",0
"chr2",123785237,123785275,"A","CNTNAP5-DT",226708
"chr1",151394169,151394229,"A","PSMB4",5330
"chr1",81501781,81501833,"AGC","ADGRL2",0
"chrX",152610379,152610420,"A","LOC105373370",0
"chr2",128003957,128003989,"A","SAP130",0
"chr12",34162426,34162457,"AGG","ALG10",132731
"chr6",154858479,154858522,"A","TIAM2",0
"chr9",129244983,129245022,"AAAAC","IER5L-AS1",0
"chr3",84237805,84237858,"A","LOC105377188",186385
"chr15",74492240,74492287,"A","ARID3B",48918
"chr6",149634275,149634323,"AAAAT","KATNA1",0
"chrX",20898645,20898683,"A","LOC105373146",0
"chr13",91056458,91056510,"A","LINC00380",30743
"chr11",126214490,126214527,"A","FAM118B",0
"chr12",102899858,102899887,"A","PAH",0
"chr11",104309947,104310006,"A","LINC02552",135861
"chr17",66290085,66290117,"A","PRKCA",12495
"chr1",100314331,100314367,"ATATC","RTCA",21561
"chr12",43409601,43409630,"A","ADAMTS20",0
"chr5",154797221,154797250,"A","LARP1",0
"chr6",80177225,80177255,"A","BCKDHB",0
"chr1",224069546,224069579,"AAAAC","FBXO28",44531
"chr15",80900585,80900690,"AC","CEMIP",0
"chr1",68110007,68110035,"A","WLS",0
"chr8",139103443,139103468,"A","COL22A1",189401
"chr5",98154539,98154564,"A","LINC01846",0
"chr10",128942973,128943001,"A","LINC02667",26543
"chr5",86770457,86770503,"A","LINC02059",20684
"chr2",28785065,28785093,"A","PPP1CB",0
"chr1",161339662,161339690,"A","SDHC",0
"chr13",99716169,99716207,"A","CLYBL",0
"chr13",96658268,96658298,"A","HS6ST3",0
"chrX",32807122,32807149,"A","DMD",0
"chr5",57229941,57229972,"ACGGG","GPBP1",0
"chr2",70283096,70283124,"A","SNRPG",0
"chr10",104741700,104741732,"A","SORCS3",0
"chr6",6023354,6023388,"A","NRN1",15748
"chr11",15326467,15326525,"ACTAT","INSC",79258
"chr19",23274995,23275047,"A","IPO5P1",743
"chr19",5937056,5937084,"A","RANBP3",0
"chr9",36621275,36621317,"A","MELK",0
"chr3",73018407,73018465,"AACAT","PPP4R2",0
"chr1",227148772,227148799,"A","CDC42BPA",0
"chr18",31222161,31222220,"A","LOC105372049",5879
"chr5",115238291,115238321,"A","PGGT1B",0
"chr2",123542456,123542497,"A","LINC01826",468974
"chr3",68584943,68584971,"A","TAFA1",39321
"chr5",118850477,118850510,"A","DTWD2",0
"chr5",20056443,20056504,"A","CDH18",0
"chr21",16184393,16184443,"A","MIR99AHG",0
"chr3",98442302,98442329,"A","OR5K1",20871
"chr8",69275034,69275061,"A","LINC01603",149787
"chr15",81520562,81520609,"AAGGGG","TMC3-AS1",3585
"chr4",77522514,77522544,"A","CXCL13",0
"chr8",13919813,13919854,"A","LOC105379292",70703
"chr5",122522144,122522173,"A","MGC32805",43056
"chr1",46730636,46730668,"A","EFCAB14",11489
"chr2",36978063,36978101,"A","HEATR5B",0
"chr2",145204781,145204807,"A","LOC100505498",0
"chr12",1126986,1127013,"A","ERC1",0
"chr7",106500996,106501029,"A","CTB-30L5.1",0
"chr1",169072481,169072521,"A","DPT",0
"chr14",70276520,70276546,"A","LOC101928046",0
"chr2",192853290,192853321,"A","PCGEM1",76390
"chr1",246225321,246225357,"A","SMYD3",0
"chr14",94864158,94864231,"A","GSC",94044
"chr19",13767861,13767886,"A","MRI1",0
"chr2",215834606,215834644,"A","LINC00607",0
"chr3",65047884,65047916,"A","ADAMTS9-AS2",0
"chr4",73566929,73566959,"A","RASSF6",4590
"chr8",68792571,68792601,"A","C8orf34",0
"chr3",154507409,154507439,"AAT","GPR149",77218
"chr1",100059144,100059171,"A","MFSD14A",0
"chr22",17953930,17953989,"A","MICAL3",0
"chr19",55945568,55945599,"A","NLRP8",2232
"chr4",65902195,65902222,"A","EPHA5-AS1",204165
"chr8",3709680,3709709,"A","CSMD1",0
"chr1",186525271,186525302,"A","PDC-AS1",4123
"chr10",21790010,21790037,"A","DNAJC1",0
"chr13",19795486,19795536,"A","PSPC1",12466
"chr22",22258282,22258317,"A","VPREB1",12766
"chr4",105766887,105766912,"A","INTS12",0
"chrX",142719531,142719573,"A","LOC105373345",0
"chr1",209171793,209171834,"A","LOC105372896",0
"chr1",236721009,236721045,"A","ACTN2",0
"chr19",15229885,15229936,"A","EPHX3",0
"chr20",33621287,33621313,"A","CBFA2T2",0
"chr3",194645495,194645622,"AC","LSG1",0
"chr3",86988640,86988685,"A","VGLL3",0
"chr5",27775082,27775118,"A","PURPL",277210
"chr6",18626620,18626658,"A","MIR548A1HG",0
"chr6",25180056,25180095,"A","CMAHP",0
"chr7",9687605,9687646,"A","LOC105375148",0
"chr14",52160088,52160126,"A","LINC02319",30462
"chr18",39564403,39564434,"A","MIR924HG",0
"chr18",68091764,68091800,"A","LINC01912",166279
"chr21",31783961,31785489,"ACC","SCAF4",51842
"chr12",40522416,40522449,"A","MUC19",0
"chr16",12606864,12606904,"A","SNX29",32576
"chr2",104143099,104143147,"A","LOC105373522",0
"chr4",116829790,116829836,"A","LOC107986306",0
"chr5",169807833,169807859,"A","DOCK2",0
"chr5",44888686,44888777,"AAGGGG","MRPS30",73171
"chr5",7371358,7372867,"ACC","LOC105374645",0
"chr7",82099422,82099467,"A","CACNA2D1",0
"chr8",21989821,21989867,"A","XPO7",0
"chr8",33621527,33621553,"A","LOC105379364",0
"chr16",73004159,73004184,"A","ZFHX3",0
"chr2",122982257,122982300,"A","LINC01826",83850
"chr3",84868040,84868071,"A","LINC00971",0
"chr1",77702141,77702177,"A","USP33",0
"chr18",28446820,28446855,"A","CDH2",268873
"chr4",62106584,62106628,"A","ADGRL3-AS1",0
"chrX",116887189,116887243,"A","CT83",424212
"chr20",22638162,22638220,"A","LINC01747",30259
"chr5",29718706,29718745,"A","LINC02064",322610
"chr18",50941353,50941384,"A","ME2",0
"chr2",159104981,159105012,"A","TANC1",0
"chr16",12483114,12483143,"A","SNX29",0
"chr4",11884183,11884225,"A","LOC107986179",30441
"chr7",76984960,76984989,"AGC","DTX2P1-UPK3BP1-PMS2P11",0
"chr17",38639358,38639386,"A","MIR4734",62875
"chr2",110520279,110520322,"A","RGPD6",0
"chr7",87966721,87966752,"A","ADAM22",0
"chr11",23250366,23250394,"A","LINC02718",47204
"chr2",135863723,135863762,"AAAAC","MCM6",0
"chr1",144463598,144463625,"A","NBPF15",1921
"chr6",19076867,19076904,"A","LOC105374961",213414
"chrX",154361046,154361098,"A","FLNA",0
"chr10",63361719,63361753,"A","JMJD1C",0
"chr10",58621903,58621970,"AATAG","BICC1",0
"chr4",147505327,147505355,"A","EDNRA",0
"chr7",100131224,100131359,"AAAAG","MBLAC1",2728
"chr7",97312537,97312644,"AAAG","SDHAF3",130773
"chr7",97312685,97312799,"AAAG","SDHAF3",130921
"chr16",65483873,65483898,"A","LINC00922",0
"chr2",151010089,151010155,"A","LOC105373686",0
"chr12",110463606,110463640,"A","GPN3",0
"chr12",65256567,65256601,"A","LEMD3",8211
"chr2",42306484,42306510,"A","EML4",0
"chr22",43379267,43379297,"A","LINC01639",21033
"chr7",89418150,89418204,"A","LOC105375387",25741
"chr11",92878634,92878667,"A","FAT3",0
"chr18",65538481,65538530,"A","LINC01916",90313
"chrX",75104047,75104085,"A","ABCB7",0
"chr20",60018702,60018736,"A","CDH26",0
"chr1",240228303,240228363,"A","FMN2",0
"chr20",20327777,20327805,"A","CFAP61",0
"chr3",21602512,21602543,"A","ZNF385D",0
"chr15",62689846,62689877,"A","TLN2",0
"chr2",134840167,134840193,"A","CCNT2-AS1",0
"chr4",98980392,98980445,"AAAAG","METAP1",15213
"chr10",88548261,88548315,"A","RNLS",0
"chr8",122064572,122064612,"A","HAS2-AS1",160298
"chr8",138796389,138796418,"A","COL22A1",0
"chr9",71168572,71168652,"A","TRPM3",0
"chrY",23978280,23978341,"A","TTTY3B",36657
"chr12",68210338,68210384,"A","IL26",0
"chr10",82660196,82660235,"A","NRG3",0
"chr5",24984785,24984824,"A","LINC02228",102625
"chr9",98119781,98119832,"A","TRIM14",558
"chrX",109041028,109041133,"AATAT","IRS4-AS1",301804
"chr4",14019757,14019800,"A","LOC107986182",16000
"chr13",88605372,88605415,"A","LINC00433",0
"chr16",6459984,6460028,"A","RBFOX1",0
"chr4",185973366,185973393,"A","SORBS2",16713
"chr9",6487166,6487207,"A","UHRF2",0
"chr18",14822952,14823017,"A","ANKRD30B",0
"chr12",110387214,110387432,"AG","ANAPC7",0
"chr16",14501435,14501460,"A","LINC02130",131168
"chr2",216907425,216907462,"A","DIRC3-AS1",0
"chr4",156825593,156825653,"AAG","PDGFC",0
"chr18",42610230,42610262,"A","LINC00907",0
"chr2",129287809,129287837,"A","LINC01854",13960
"chr2",22097850,22097887,"A","LINC01830",0
"chr4",152808283,152808317,"A","ARFIP1",0
"chr5",153337249,153337295,"A","LINC01470",113705
"chr8",91586031,91586058,"A","SLC26A7",187875
"chr12",42638630,42638671,"A","LINC02402",0
"chr11",28776570,28776600,"A","LINC02742",0
"chr16",58505708,58505739,"A","NDRG4",0
"chr2",203615632,203615664,"A","RAPH1",80296
"chr3",103433498,103433524,"A","MIR548AB",90508
"chr8",104826027,104826057,"A","ZFPM2",0
"chrX",4383022,4383055,"A","LOC101928201",244144
"chr11",29389187,29389222,"A","LINC02755",0
"chr1",168156164,168156198,"A","GPR161",18496
"chr11",110289956,110289982,"A","RDX",0
"chr12",105695512,105695539,"A","CASC18",8663
"chr2",996673,996704,"A","SNTG2-AS1",45170
"chr4",176837517,176837545,"A","LOC105377557",6947
"chr5",112408675,112408718,"A","EPB41L4A",0
"chr6",64372130,64372160,"A","EYS",0
"chr5",111964855,111964895,"A","NREP",0
"chrX",54009844,54009881,"A","PHF8",0
"chr21",10456320,10456349,"A","BAGE2",0
"chr2",169489851,169489892,"A","BBS5",0
"chr5",28239628,28240611,"ACATAG","LINC02103",45352
"chr6",164328404,164328434,"A","MEAT6",462853
"chr2",229917380,229917419,"A","TRIP12",0
"chr1",237594886,237594931,"A","RYR2",0
"chr2",120680499,120680571,"AC","GLI2",55051
"chr21",46573645,46573683,"A","DIP2A",3629
"chr5",118766186,118766222,"A","DTWD2",69851
"chr9",109032365,109032401,"A","TMEM245",0
"chr5",135611496,135611562,"A","SLC25A48",0
"chr7",150547823,150547852,"A","GIMAP4",19516
"chr8",84372886,84372915,"A","RALYL",0
"chr1",232173375,232173420,"A","DISC1",132102
"chr1",8677425,8677469,"A","RERE",0
"chr3",149079373,149079412,"A","HLTF",0
"chr7",152178015,152178042,"A","KMT2C",0
"chr8",138028925,138028986,"A","LOC401478",0
"chr16",9584402,9584441,"A","LOC101927026",0
"chrX",23033544,23033583,"A","PTCHD1-AS",0
"chr11",71797327,71797354,"A","FAM86C1P",0
"chr4",73343079,73343131,"A","ANKRD17-DT",25125
"chr10",107233855,107233912,"A","SORCS1",69148
"chr2",211662038,211662082,"A","ERBB4",0
"chr10",6098556,6098593,"A","RBM17",0
"chr13",62727998,62728034,"A","LINC00448",0
"chr4",154203457,154203499,"A","LOC101927947",0
"chr1",4508575,4508611,"A","LINC01646",62869
"chr2",183988537,183988563,"A","LOC105373775",60903
"chr12",2535704,2535733,"A","ITFG2-AS1",160031
"chrY",18555153,18555188,"A","HSFY1",0
"chr20",60419702,60419732,"A","MIR646HG",0
"chr4",181699442,181699491,"A","TEMN3-AS1",120527
"chr1",26009482,26009526,"AAT","EXTL1",10357
"chr10",125906515,125906544,"A","FANK1",0
"chr10",31382006,31382034,"A","ZEB1",0
"chr11",116521184,116521226,"A","LINC02702",118195
"chr11",62277841,62277958,"AGAGGG","SCGB2A2",4680
"chr16",7008614,7009163,"AGGG","RBFOX1",0
"chr17",43602766,43602929,"AAGGG","DHX8",12024
"chr18",80258723,80258922,"ACCCCT","PARD6G",11208
"chr19",1164387,1164449,"AGG","LOC102723798",0
"chr19",1164503,1164552,"AGG","LOC102723798",0
"chr19",7362327,7362357,"AGG","ARHGEF18",0
"chr2",108406501,108406527,"A","SULT1C4",17511
"chr2",141096629,141096691,"AG","LRP1B",0
"chr2",157681961,157681989,"A","LOC105373713",43718
"chr3",75065243,75065281,"A","MIR4444-2",149194
"chr4",112850504,112850534,"A","ANK2",0
"chr4",150346757,150346787,"A","LRBA",0
"chr5",46164303,46164342,"A","HCN1",467804
"chr5",8365346,8365420,"AAT","LINC02226",0
"chr6",51989881,51989984,"AAGG","PKHD1",0
"chr7",98242679,98242825,"ACCC","TECPR1",0
"chr8",2572226,2572254,"A","CSMD1",363098
"chr8",69772563,69772662,"AAAGG","SLCO5A1",0
"chrX",156008858,156009450,"AC","SPRY3",226398
"chr10",74302090,74302146,"A","ADK",0
"chr7",145453110,145453152,"A","LOC105375553",162789
"chr1",67409386,67409432,"AC","SERBP1",0
"chr12",58179714,58179744,"A","LOC101927608",282867
"chr14",84398097,84398299,"AG","LINC02305",482719
"chr14",100796556,100796603,"AAAG","MEG3",0
"chr18",54180890,54180926,"A","MBD2",0
"chr21",13342363,13342391,"A","MIR3156-3",63992
"chr22",37325712,37325784,"A","CYTH4",10370
"chrX",80642686,80642711,"A","BRWD3",26791
"chr15",24927476,24927518,"A","SNRPN",0
"chr3",151317436,151317466,"A","MED12L",0
"chrX",71456644,71456692,"A","TAF1",0
"chr1",145044650,145044700,"A","SRGAP2B",0
"chr17",27563981,27564006,"A","KSR1",0
"chr2",43291454,43291482,"A","THADA",0
"chr14",105559747,105559818,"AGGGGC","TMEM121",29544
"chr8",82040974,82041010,"AGAT","LOC105375931",0
"chr1",244435168,244435197,"A","ADSS2",0
"chr6",12141691,12141720,"A","HIVEP1",0
"chr12",102441906,102441957,"AAG","IGF1",0
"chr17",28790884,28790915,"A","FAM222B",0
"chr12",53498908,53499004,"AC","MAP3K12",0
"chr14",79921717,79921903,"AAG","LOC112267892",0
"chr2",179524551,179524590,"A","ZNF385B",0
"chr20",3413565,3413618,"A","DNAAF9",5895
"chr7",8756316,8756351,"A","NXPH1",3354
"chr9",96917887,96917929,"AC","MFSD14C",0
"chr3",119640962,119640989,"A","POPDC2",1066
"chr5",104113146,104113171,"A","LINC02163",0
"chr6",35880719,35880760,"A","SRPK1",0
"chr14",27219229,27219287,"AAAG","NOVA1-DT",0
"chr3",54350968,54351006,"A","CACNA2D3",0
"chrX",56776859,56776931,"AGG","NBDY",0
"chr18",29936357,29936421,"A","LOC105372045",285916
"chr2",196832775,196832806,"A","PGAP1",197
"chr2",106071322,106071392,"A","ECRG4",0
"chr11",112055848,112055886,"A","DLAT",0
"chr7",22644867,22644911,"A","IL6-AS1",0
"chr10",34640708,34640736,"A","PARD3",0
"chr5",95492636,95492689,"A","TTC37",0
"chr1",169850980,169851006,"A","SCYL3",0
"chr1",202555325,202555353,"A","PPP1R12B",0
"chr12",2420102,2420148,"AC","ITFG2-AS1",275616
"chr8",50973665,50973721,"AAAAT","SNTG1",176972
"chr7",159135004,159135030,"A","VIPR2",0
"chr22",15750083,15750108,"A","PSLNR",0
"chr1",32141375,32141415,"A","KPNA6",0
"chr7",87703878,87703940,"A","ABCB1",0
"chr8",133578415,133578454,"A","ST3GAL1",6474
"chr8",23572203,23572248,"A","SLC25A37",0
"chrY",11293384,11293465,"ACTCC","LOC105379273",78351
"chr2",88065194,88065284,"C","KRCC1",941
"chr4",35702557,35702588,"AGAT","ARAP2",245632
"chr1",52746687,52746714,"A","ZYG11B",0
"chr1",68347024,68347078,"A","RPE65",81743
"chr9",19140001,19140038,"A","PLIN2",0
"chr16",79678562,79678590,"A","LOC105371356",0
"chr2",130833379,130833471,"AAAAG","ARHGEF4",3442
"chr2",231894320,231894348,"A","MIR1471",2021
"chr2",6247034,6247059,"A","LOC105373401",11288
"chr4",60423550,60423917,"AGGG","LINC02496",326657
"chr5",102619011,102619036,"A","LINC00491",0
"chr4",45911828,45911864,"A","GABRG1",123904
"chr13",46657484,46657542,"A","LRCH1",0
"chr17",2230305,2230336,"A","SMG6",0
"chr1",32661870,32661906,"A","RBBP4",0
"chr3",148038998,148039033,"AGAT","LINC02032",37398
"chr13",35150793,35150831,"ACTCT","NBEA",0
"chr12",63610841,63610875,"A","DPY19L2",0
"chr1",169810834,169810870,"A","C1orf112",0
"chr4",166438962,166439001,"A","SPOCK3",294382
"chr4",175303152,175303193,"A","ADAM29",324971
"chr10",66042899,66042940,"A","CTNNA3",0
"chr16",83102911,83102970,"A","CDH13",0
"chr8",4201540,4201576,"A","CSMD1",0
"chr13",76054268,76054294,"A","LINC00561",119135
"chr16",75799147,75799191,"A","LOC105371348",37274
"chr2",207483912,207483940,"A","MYOSLID-AS1",0
"chr5",45534404,45534445,"A","HCN1",0
"chr6",137896731,137896758,"A","TNFAIP3",13416
"chr6",147372407,147372458,"A","STXBP5",0
"chr9",110511488,110511526,"A","SVEP1",0
"chr13",37478171,37478201,"A","LINC01048",3265
"chr16",65341028,65341053,"A","LINC00922",0
"chr8",49290440,49290465,"A","LOC105375826",61265
"chr10",51381256,51381300,"A","PRKG1",0
"chr11",102817684,102817725,"A","WTAPP1",0
"chr11",10353318,10353462,"AAAAG","AMPD3",0
"chr13",91129357,91129393,"A","LINC00379",0
"chr14",86451187,86451217,"A","LINC02309",49901
"chr2",122948534,122948575,"A","LOC105373595",60842
"chr3",21724477,21724518,"A","ZNF385D",0
"chr4",164961153,164961203,"A","TRIM61",0
"chr4",167314855,167314883,"A","SPOCK3",80058
"chr5",24705222,24705261,"A","CDH10",60243
"chr12",61851774,61851818,"A","TAFA2",0
"chr2",116201927,116201958,"A","DPP10",356146
"chr2",152836915,152836945,"A","ARL6IP6",74518
"chr21",31507179,31507223,"A","TIAM1",0
"chr3",176990551,176990595,"A","TBL1XR1",28744
"chr7",138612405,138612463,"A","SVOPL",0
"chr8",115019974,115020006,"A","TRPS1",388489
"chr10",18536243,18536273,"A","CACNB2",0
"chr3",138705155,138705201,"A","PIK3CB",0
"chr6",95620446,95620489,"A","MANEA",10975
"chr8",64771047,64771080,"A","CYP7B1",0
"chr8",99828394,99828434,"A","VPS13B",0
"chr16",571038,571108,"AC","PIGQ",0
"chr4",98896195,98896225,"AAAAT","EIF4E",0
"chr6",111338312,111338352,"A","MFSD4B",0
"chr2",238144432,238144485,"AGGC","KLHL30",0
"chr9",76246341,76246367,"A","PCSK5",0
"chr10",99986594,99986625,"A","DNMBP",0
"chr12",75138979,75139006,"A","KCNC2",0
"chr15",44633324,44633362,"A","SPG11",0
"chr14",51015500,51015533,"A","TRIM9",0
"chr17",2129793,2129821,"A","SMG6",0
"chr21",26294960,26295013,"AATAT","LOC107985474",83538
"chr11",116029068,116029104,"A","LINC02703",85886
"chr11",120492723,120492758,"A","ARHGEF12",2785
"chr12",52997812,52997858,"A","EIF4B",8423
"chr15",86870454,86870496,"A","AGBL1",0
"chr18",8639147,8639192,"A","RAB12",0
"chr19",8267294,8267328,"A","CERS4",4872
"chr2",239860257,239860288,"A","NDUFA10",32161
"chr7",118241521,118241549,"A","ANKRD7",0
"chr8",23213436,23213465,"A","TNFRSF10A",0
"chr9",134953334,134953371,"A","LOC105376314",10126
"chr1",242612764,242612835,"A","PLD5",88066
"chr1",73245316,73245347,"A","LINC01360",60261
"chr3",197812504,197812530,"A","LRCH3",0
"chr6",132936432,132936462,"A","LINC00326",17794
"chr16",21613168,21613204,"A","SLC7A5P2",92802
"chr16",90102286,90102334,"AGC","FAM157C",0
"chr21",17477959,17477991,"A","LINC01549",27854
"chr1",104036657,104036728,"A","LOC100129138",36254
"chr10",295560,295619,"A","DIP2C",0
"chr10",69091879,69091935,"A","SRGN",0
"chr10",8086168,8086222,"A","GATA3",10969
"chr12",20792417,20792447,"A","SLCO1B3",18254
"chr14",61272322,61272371,"A","PRKCH",0
"chr14",76799278,76799311,"A","ANGEL1",0
"chr2",124571511,124571548,"A","CNTNAP5",0
"chr2",207179819,207179845,"A","MYOSLID",0
"chr4",64888261,64888302,"A","LINC02232",0
"chr5",14396443,14396487,"A","TRIO",0
"chr5",169853804,169853849,"A","DOCK2",0
"chr8",14493359,14493387,"A","SGCZ",0
"chr1",23218508,23218542,"AACC","HTR1D",1005
"chr10",70652538,70652567,"AAT","PALD1",0
"chr4",47019888,47019959,"ACATAT","GABRB1",0
"chr1",24766473,24766521,"A","CLIC4",0
"chr12",103026292,103026323,"A","C12orf42",53310
"chr8",5851106,5851132,"A","LOC107986908",2005
"chr2",1658027,1658093,"AG","PXDN",0
"chr10",12280819,12280846,"A","CDC123",30229
"chr10",51601721,51601769,"A","PRKG1",0
"chr5",20776685,20776725,"A","LINC02241",0
"chr7",108586633,108586676,"AAAGG","LOC105375448",11675
"chr9",31597596,31597625,"A","LINC01243",216105
"chrX",42730840,42730891,"A","LOC105373186",0
"chr6",154273693,154273771,"A","IPCEF1",0
"chr1",196561652,196561677,"A","KCNT2",0
"chr15",77298197,77298236,"A","PEAK1",0
"chr2",132045759,132045795,"A","LINC01945",51597
"chr1",210788685,210788714,"A","KCNH1",0
"chr1",229529295,229529334,"A","ABCB10",0
"chr12",118757666,118757879,"AG","LINC02423",337
"chr1",29553835,29553942,"ACC","LINC01756",203720
"chr11",95942673,95942724,"A","MTMR2",17402
"chr12",1121640,1122666,"AGAGAT","ERC1",0
"chr16",24771516,24771628,"AACAT","TNRC6A",0
"chr11",11694921,11694947,"A","MIR4299",38198
"chr8",52742525,52742595,"A","RB1CC1",0
"chrX",49912643,49912690,"A","CLCN5",9905
"chr17",50730513,50730538,"A","LUC7L3",0
"chr20",41504077,41504104,"A","CHD6",0
"chr13",103496653,103496687,"A","LINC01309",68354
"chr7",86093369,86093397,"A","GRM3",550511
"chr1",54396193,54396219,"A","SSBP3",0
"chr19",41843032,41843077,"A","LYPD4",0
"chr10",25020238,25020279,"AGATAT","THNSL1",0
"chr2",78198378,78198406,"A","LOC101927967",0
"chr5",51390619,51390680,"A","ISL1",0
"chr1",187365985,187366034,"A","LINC01037",0
"chr5",24060970,24060999,"A","LINC02899",0
"chrX",83722270,83722312,"A","CYLC1",138813
"chr2",68413179,68413238,"A","PLEK",15725
"chr6",102413353,102413382,"A","GRIK2",331730
"chr1",105013521,105013560,"A","LOC105378880",0
"chr1",61925199,61925268,"A","PATJ",0
"chr2",10649311,10649338,"A","NOL10",0
"chr5",63935553,63935580,"A","HTR1A",22293
"chr14",85805383,85805420,"A","LINC02328",106017
"chr9",10675842,10675900,"ACTC","PTPRD-DT",55421
"chr10",32432515,32432554,"A","LOC101929431",0
"chr14",19258508,19258557,"A","LINC01297-DUXAP10-NBEAP6",10295
"chr8",119980453,119980514,"AAAAG","DEPTOR",0
"chr20",32935192,32935217,"A","EFCAB8",0
"chr9",9575717,9575796,"A","PTPRD",0
"chr12",61119266,61119307,"A","LOC105369793",548994
"chr2",35594172,35594218,"A","MIR548AD",122685
"chr4",42221538,42221574,"A","LOC105374428",60255
"chr5",172029752,172029790,"A","STK10",12288
"chr16",56624586,56624611,"A","MT1E",863
"chr7",84619842,84619874,"A","LINC03017",35519
"chr15",64744793,64744832,"A","RBPMS2",0
"chr11",88185389,88185423,"A","MIR3166",8795
"chr16",4804933,4804971,"AC","GLYR1",0
"chr12",34200623,34200669,"A","ALG10",170928
"chr16",59849646,59849679,"A","LINC02141",5673
"chr6",167394357,167394419,"AAAGG","TCP10L3",9846
"chr12",128456366,128456425,"A","TMEM132C",0
"chr13",23473186,23473228,"AAAAT","LINC00327",0
"chr8",54914411,54914436,"A","RP1",42690
"chrX",16311714,16311740,"A","MAGEB17",140249
"chr7",52049330,52049418,"AAAAG","LOC105375278",319613
"chr16",6350444,6350499,"A","RBFOX1",0
"chr9",86060876,86060914,"A","GOLM1",0
"chr5",36634287,36634314,"AAAT","SLC1A3",0
"chr8",139408568,139408597,"A","KCNK9",192240
"chr4",162483790,162483815,"A","FSTL5",319785
"chr7",154893452,154893480,"A","DPP6",0
"chr11",73096987,73097016,"A","FCHSD2",0
"chr2",107605727,107605778,"A","LINC01885",0
"chr3",141189345,141189416,"A","PXYLP1",39309
"chr5",26005912,26005944,"A","LINC02211",681525
"chr5",51111466,51111498,"A","LINC02106",141298
"chrX",153660041,153660069,"A","DUSP9",8714
"chr12",104750428,104750456,"A","CHST11",0
"chr6",120359596,120359621,"A","MIR3144",344338
"chr7",143337807,143337844,"A","CLCN1",0
"chr1",60456658,60456683,"A","LINC01748",59032
"chr15",47134202,47134230,"A","SEMA6D",49870
"chr17",79746195,79746241,"A","ENPP7",3975
"chr3",43992786,43992827,"A","MIR138-1",121384
"chrX",22055174,22055215,"A","PHEX",0
"chr15",23659321,23659350,"A","NDN",26049
"chr2",234222672,234222705,"A","SPP2",145537
"chr10",102093118,102093153,"A","LDB1",13335
"chr15",73743828,73743873,"A","INSYN1",0
"chr4",159517294,159517324,"A","LINC02233",148508
"chr1",174534775,174534804,"A","RABGAP1L",0
"chr16",52159601,52159633,"A","LINC02180",60480
"chrX",75020647,75020692,"A","ABCB7",30355
"chr16",61768291,61768446,"AG","CDH8",0
"chr6",113734109,113734149,"A","LINC02541",84018
"chr10",20997471,20997514,"A","NEBL",0
"chr12",59188203,59188244,"A","LRIG3-DT",57323
"chr3",67037594,67037623,"A","KBTBD8",26383
"chr5",55105972,55106300,"A","GZMA",0
"chr8",88184746,88184790,"A","MMP16",0
"chr3",63912684,63912716,"AGC","ATXN7",0
"chr22",15863788,15863843,"A","DUXAP8",33803
"chr7",76486846,76486887,"AGC","FDPSP2",15787
"chr8",35365591,35365617,"A","UNC5D",0
"chr2",133597673,133597712,"A","NCKAP5",29209
"chr2",177297944,177297980,"AAAAT","NFE2L2",0
"chr20",49947769,49947809,"A","RNF114",0
"chr5",73737439,73737526,"AAAAG","ARHGEF28",0
"chr9",103693490,103693532,"A","LOC101928523",306222
"chr12",113732833,113732868,"AAAAC","LINC01234",0
"chr12",48288346,48288375,"A","H1-7",40604
"chr20",3485610,3485639,"A","ATRN",0
"chr8",100426509,100426897,"ACC","MIR4471",43663
"chr1",102542160,102542192,"A","LOC112268286",221129
"chr9",96952403,96952443,"A","MFSD14C",0
"chr2",75154488,75154527,"AC","TACR1",0
"chr16",70269322,70269360,"A","AARS1",0
"chr3",125458814,125458855,"A","SNX4",0
"chr8",78088032,78088069,"A","LOC105375911",180567
"chr22",28386274,28386306,"A","TTC28",0
"chr8",52843092,52843118,"A","NPBWR1",96063
"chr19",50707876,50707965,"AAAAG","SHANK1",0
"chr4",80937285,80937334,"A","CFAP299",0
"chr11",125449417,125449443,"A","FEZ1",0
"chr18",9943841,9943878,"A","VAPA",0
"chr7",69729994,69730019,"A","AUTS2",0
"chr20",40439250,40439281,"A","MAFB",246566
"chr9",31769950,31769983,"A","LINC01243",388459
"chr1",25954235,25954302,"A","PAFAH2",5464
"chr3",47044344,47044386,"A","SETD2",0
"chr13",57400252,57400292,"A","PRR20E",230033
"chr17",42446139,42446196,"A","ATP6V0A1",12647
"chrX",39467659,39467699,"A","LINC01283",32834
"chr12",43813231,43813259,"A","TWF1",6902
"chr18",6909248,6909308,"AAAAG","ARHGAP28",0
"chr2",56450099,56450125,"A","CCDC85A",63926
"chr2",57900790,57900824,"A","VRK2",6804
"chr10",116403680,116403708,"A","CCDC172",23650
"chr7",56707618,56707655,"A","LOC102723684",32531
"chr1",160318468,160318508,"A","COPA",0
"chr1",246282305,246282340,"A","SMYD3",0
"chr12",17873597,17873623,"A","MIR3974",200202
"chr8",109355314,109355344,"A","PKHD1L1",7116
"chr8",59701213,59701246,"A","LOC105375859",80985
"chr5",21816624,21816653,"A","CDH12",0
"chrX",1762432,1762460,"A","XG",989579
"chr1",45888663,45888699,"A","MAST2",0
"chr9",23702951,23702981,"A","ELAVL2",0
"chr7",129836879,129836911,"A","UBE2H",0
"chrX",44958604,44958629,"A","KDM6A",0
"chr12",13692755,13692785,"A","GRIN2B",0
"chr2",4799113,4799145,"A","LINC01249",142614
"chr6",158394786,158394814,"A","TULP4",0
"chr7",77675410,77675446,"A","APTR",0
"chr1",190453203,190453238,"A","BRINP3",0
"chr2",24576149,24576191,"A","NCOA1",0
"chr2",164396575,164396612,"A","GRB14",95804
"chrY",11295905,11296111,"ACTCC","LOC105379273",80872
"chr16",9312616,9314371,"AGCTC","LINC02177",41216
"chrX",30788553,30806701,"AAGGC","TAB3",20740
"chr4",177870300,177870362,"A","LINC01098",0
"chr15",51019462,51019489,"A","AP4E1",13566
"chr6",78356976,78357012,"A","MEI4",429930
"chr9",42973976,42974039,"A","LOC112268044",23148
"chr8",15892405,15892446,"A","TUSC3",125755
"chr21",25579749,25579775,"A","LINC00515",2994
"chr7",117773648,117773708,"AC","CTTNBP2",0
"chr1",12174124,12174267,"AAGGAG","TNFRSF1B",0
"chr11",35056905,35056933,"A","LOC105376626",0
"chr4",152795820,152795852,"A","ARFIP1",0
"chr6",155822908,155823318,"AGAT","LOC101928923",87876
"chr6",66663987,66664024,"A","EYS",956760
"chr7",137280699,137280725,"A","PTN",0
"chr9",10343978,10344007,"A","PTPRD",0
"chr1",18106300,18106330,"A","IGSF21",1467
"chr3",54687103,54687158,"A","CACNA2D3",0
"chr10",83300013,83300039,"A","NRG3",312833
"chr6",118741590,118741658,"AAAAT","CEP85L",31514
"chr1",39039321,39039347,"A","NDUFS5",4684
"chr10",32008067,32008101,"A","KIF5B",913
"chr14",44739254,44739279,"A","LINC02302",23873
"chr16",71964309,71964356,"A","PKD1L3",0
"chr16",993560,994300,"ACCC","LOC107984898",0
"chr18",38320054,38320082,"A","LOC105372072",557922
"chr18",43697203,43697235,"A","SYT4",419703
"chr2",209490605,209490635,"A","MAP2",0
"chr2",66169469,66169500,"A","LINC02934",0
"chr3",165737376,165737424,"A","BCHE",35479
"chr4",76918860,76918950,"A","LOC105377294",0
"chr5",112677307,112677335,"A","LINC02200",0
"chr6",132823553,132823586,"A","RPS12",5988
"chr6",152179673,152179703,"A","SYNE1",0
"chr6",3953221,3953276,"A","FAM50B",58977
"chrX",52686962,52687015,"A","SSX2",9880
"chr1",148132723,148132769,"A","NBPF11",0
"chr1",225561619,225561660,"AAAAT","ENAH",0
"chr10",19883884,19883911,"A","PLXDC2",0
"chr11",12600109,12600142,"A","LOC105376556",19183
"chr16",61353380,61353428,"A","CDH8",293813
"chr16",65472739,65472781,"A","LINC00922",0
"chr2",102002266,102004046,"ACACAG","IL1R2",0
"chr2",213728876,213728921,"A","SPAG16",0
"chr20",52171357,52171448,"ACACAT","ZFP64",0
"chr3",181769898,181769929,"A","SOX2-OT",0
"chr3",98876412,98876442,"A","DCBLD2",0
"chr6",63477643,63477714,"A","LGSN",0
"chr7",98242888,98243138,"ACCC","TECPR1",0
"chr8",88817939,88817982,"A","LOC105375630",0
"chr13",83707362,83707411,"A","SLITRK1",169793
"chr14",71446894,71446929,"A","SIPA1L1",0
"chr14",88220416,88220455,"A","KCNK10",0
"chr18",68765045,68765076,"AAAT","CCDC102B",0
"chr3",197510599,197510718,"AC","LINC02012",3612
"chr5",152576441,152576469,"A","LOC105378237",0
"chr6",53409512,53409547,"A","ELOVL5",60332
"chrX",144535612,144535647,"A","UBE2NL",650356
"chrX",150394129,150394154,"A","MAMLD1",0
"chr1",234058328,234058358,"A","SLC35F3",0
"chr4",63119013,63119046,"A","LOC105377253",346464
"chr2",190454932,190455022,"ACATAT","MFSD6",0
"chr3",76624796,76624834,"A","ROBO2",0
"chrX",56771457,56771529,"AGG","NBDY",0
"chr3",188755809,188755879,"A","LPP",0
"chr1",36292264,36292289,"A","THRAP3",0
"chr10",64622234,64622262,"A","ANXA2P3",203309
"chr20",11906254,11906282,"A","BTBD3",0
"chr4",83159171,83159226,"A","PLAC8",22095
"chr18",37105916,37105945,"A","KIAA1328",0
"chr1",21418492,21418572,"ACATAT","LOC105376832",5198
"chr11",16565685,16565758,"A","SOX6",0
"chrX",85038524,85038550,"A","APOOL",0
"chr15",83169414,83169461,"A","HDGFL3",0
"chr1",42709142,42709173,"A","YBX1",5336
"chr15",50962889,50962916,"A","AP4E1",0
"chr15",66287587,66287615,"A","DIS3L-AS1",0
"chr9",12216144,12216184,"A","LOC105375976",56995
"chr22",46642892,46643370,"ATCC","GRAMD4",0
"chr12",15936851,15936980,"ACAGG","DERA",0
"chr13",105953837,105953876,"A","LINC00343",156297
"chr5",65965372,65965423,"A","ERBIN",0
"chr9",96371474,96371506,"A","SLC35D2",0
"chr12",18850605,18850676,"A","CAPZA3",111416
"chr16",57873070,57873105,"A","CNGB1",9234
"chr19",48979318,48979377,"A","GYS1",0
"chr8",107842669,107842704,"A","RSPO2",56611
"chr1",50835570,50835595,"A","FAF1",0
"chr5",65573516,65573553,"A","PPWD1",0
"chr1",151867542,151867608,"AAG","THEM4",3257
"chr17",39498873,39499207,"AAAG","CDK12",0
"chr2",1750517,1750706,"AGGG","PXDN",5664
"chrY",26671052,26671195,"ACTCC","REREP2Y",462903
"chr10",51578980,51579008,"A","PRKG1",0
"chr1",106134467,106134500,"A","LOC107985116",9902
"chr14",91035847,91035881,"A","RPS6KA5",0
"chr10",548911,548938,"A","DIP2C",0
"chr11",120399321,120399356,"A","ARHGEF12",0
"chr1",236263778,236263806,"A","ERO1B",0
"chr13",73654540,73654573,"A","LOC107984024",0
"chr2",69956413,69956498,"AAG","ASPRV1",3590
"chr21",27141591,27141635,"A","ADAMTS5",174502
"chr3",183106482,183106513,"AAAG","MCCC1",0
"chr4",28605804,28605835,"A","LOC105374558",4958
"chr7",26208917,26208951,"A","CBX3",0
"chr8",36231028,36231080,"A","LOC112268026",39833
"chr22",43494694,43494731,"ACC","MPPED1",0
"chr4",56600097,56600125,"A","THEGL",0
"chr4",61694179,61694219,"A","ADGRL3",0
"chr2",47788907,47788947,"A","MSH6",0
"chr2",117054405,117054452,"A","DDX18",760238
"chr8",32337653,32337682,"A","NRG1",0
"chr3",136540822,136540852,"A","STAG1",0
"chr11",21581644,21581672,"AATG","NELL1",5957
"chr9",96930872,96930912,"A","MFSD14C",0
"chr17",20795630,20795657,"AAAT","CCDC144NL",40789
"chr3",147568695,147568827,"AACAT","LOC440982",58401
"chr4",108961568,108961628,"AACAG","COL25A1",0
"chr3",100539432,100539522,"ACATAT","TMEM45A",0
"chr3",28729531,28729559,"A","LINC00693",0
"chrX",57347604,57347637,"A","FAAH2",0
"chrX",80908983,80909021,"A","BRWD3",99105
"chr8",63379368,63379393,"A","LOC105375875",5445
"chr14",100611676,100611716,"A","BEGAIN",24258
"chr1",74087381,74087407,"A","LRRIQ3",0
"chr10",48784530,48784560,"A","WDFY4",0
"chr1",97477604,97477631,"A","DPYD",0
"chr4",9141987,9142061,"AATAT","LOC105369250",0
"chr7",80604350,80604390,"A","CD36",0
"chr11",115526372,115526408,"A","CADM1",21414
"chr13",18422614,18422652,"A","LINC00408",482766
"chr9",129260941,129260966,"A","IER5L-AS1",347
"chr2",97981028,97981067,"A","TMEM131",0
"chr3",20923012,20923052,"A","LOC105376987",0
"chr4",23561675,23561719,"A","LOC105374528",0
"chr5",104222467,104222506,"A","LINC02163",0
"chr6",147734711,147734742,"A","SAMD5",0
"chr7",148990009,148990069,"A","GHET1",576
"chr7",96382065,96382105,"A","SLC25A13",59917
"chr9",27902839,27902873,"A","LINGO2",34743
"chr12",57102965,57103014,"A","STAT6",0
"chr14",38675452,38675477,"A","LINC00639",62677
"chr16",83052776,83052804,"A","CDH13",0
"chr4",171443455,171443488,"A","LINC02174",92545
"chr7",155773568,155773595,"A","RBM33",0
"chr8",106143725,106143763,"A","ZFPM2-AS1",83200
"chr8",63114932,63114985,"A","TTPA",28878
"chrX",122670929,122670958,"A","LOC101928359",191196
"chr2",208100923,208100953,"A","LOC105373854",23724
"chr20",23267995,23268057,"ATCCC","LOC105372571",52900
"chr3",48836419,48836444,"A","PRKAR2A",0
"chr8",34456161,34456218,"A","LOC105379365",248647
"chr10",603298,603333,"A","DIP2C",0
"chr12",111718036,111718067,"A","ACAD10",0
"chr13",73810972,73811007,"A","KLF12",0
"chr20",6324950,6324980,"A","CASC20",121742
"chr21",33583200,33583225,"A","DONSON",0
"chr3",152005952,152006037,"A","SUCNR1",121332
"chr3",188441591,188441638,"A","LPP",0
"chr3",25708906,25708937,"A","NGLY1",10006
"chr4",81949796,81949822,"A","RASGEF1B",0
"chr8",22022614,22022653,"A","NPM2",1471
"chrX",127346983,127347035,"A","PRR32",525196
"chr7",136517560,136517594,"A","LOC105375523",79774
"chr7",114145431,114145505,"AAAAG","FOXP2",0
"chr2",96411949,96411982,"A","NCAPH",34857
"chr7",153282555,153282586,"A","LINC01287",72778
"chr7",153282586,153282616,"A","LINC01287",72748
"chr14",46461402,46461439,"A","LINC00871",0
"chr4",164742412,164742467,"A","SMIM31",11596
"chr8",39899141,39899178,"A","IDO1",3096
"chr4",127548309,127548388,"AG","LOC105377412",0
"chr12",1341058,1341111,"A","ERC1",0
"chr14",37630907,37630947,"A","TTC6",0
"chr11",5166874,5166899,"A","OR52Z1P",10814
"chr5",41465353,41465386,"A","PLCXD3",0
"chr5",94035196,94035256,"ACATAT","FAM172A",0
"chr6",159980183,159980239,"AAAG","IGF2R",0
"chr6",6714965,6714990,"A","LOC101928047",0
"chr2",11248708,11248738,"A","ROCK2",0
"chr3",53156624,53156650,"CCCCG","PRKCD",0
"chr21",37079517,37079551,"A","TTC3",0
"chr3",141303293,141303321,"A","PXYLP1",0
"chr6",38120320,38120350,"A","ZFAND3",0
"chr1",207187112,207187226,"AAAAG","C4BPA",42139
"chr22",45602817,45602846,"A","LINC01589",1585
"chr16",18849069,18849106,"A","SMG1",0
"chr11",47541686,47541837,"AAAG","CELF1",0
"chr22",44772223,44772253,"A","PRR5-ARHGAP8",0
"chr8",110479954,110479985,"A","LINC01608",420010
"chrX",30083230,30083277,"A","IL1RAPL1",126511
"chr10",1633539,1633645,"AGAT","ADARB2",0
"chr12",50175035,50175077,"A","LIMA1",710
"chr2",25228200,25228252,"A","DNMT3A",0
"chr18",34325467,34325506,"A","NOL4",100514
"chr18",47523690,47523717,"AAAG","MIR4527HG",0
"chr4",168297254,168297405,"AAAG","DDX60",0
"chrX",143564123,143564163,"A","SPANXN3",46647
"chr2",127456720,127456753,"A","LOC105373608",0
"chr1",240355951,240355986,"A","FMN2",0
"chr22",38116851,38116876,"A","PLA2G6",0
"chr15",44040992,44041033,"A","FRMD5",0
"chr22",33878129,33878154,"A","LARGE1",0
"chr3",33713012,33713039,"A","CLASP2",0
"chr12",32422288,32422316,"A","FGD4",0
"chr8",22898391,22898431,"A","PEBP4",0
"chr10",107903872,107903901,"A","LINC01435",0
"chr14",71417469,71417508,"A","SIPA1L1",0
"chr15",64060268,64060301,"A","DAPK2",0
"chr17",68922194,68922239,"A","ABCA8",0
"chr9",21443524,21443570,"A","MIR31HG",0
"chr6",115327858,115327887,"A","LINC02534",305652
"chr1",118939407,118939442,"A","TBX15",0
"chr12",116800812,116800862,"AAAAT","RNFT2",0
"chr17",74663979,74664008,"A","LOC105371894",6068
"chr19",46389362,46389461,"AC","PPP5C",0
"chr21",33577604,33577702,"AC","DONSON",0
"chr22",17685747,17685789,"A","BCL2L13",0
"chr5",175578782,175578842,"A","SFXN1",49039
"chr5",43143898,43143936,"A","ZNF131",0
"chr5",701932,701962,"A","LOC101929898",7100
"chr8",112747183,112747220,"A","CSMD3",0
"chr9",78492342,78492377,"A","PSAT1",162248
"chr9",97799095,97799142,"A","PTCSC2",0
"chr9",36347120,36347149,"C","RNF38",0
"chr14",60169133,60169161,"A","PCNX4",0
"chr2",55657856,55657903,"A","PNPT1",0
"chr9",103744508,103744577,"A","LOC101928523",255177
"chr8",96250615,96250683,"AAG","MTERF3",0
"chr11",96599375,96599418,"A","LINC02737",84626
"chr15",86748510,86748546,"A","AGBL1",0
"chr8",113816749,113816787,"A","CSMD3",379809
"chr9",102236392,102236420,"A","LINC00587",283215
"chr3",11874074,11874106,"A","VGLL4",102723
"chr5",76243012,76243040,"A","SV2C",0
"chr8",28960747,28960804,"A","HMBOX1",0
"chr1",62062392,62062419,"A","PATJ",0
"chr2",108459745,108459778,"A","GCC2",0
"chr3",145247288,145247327,"A","LOC107986138",692584
"chr14",23280682,23280791,"AAAAT","HOMEZ",0
"chr3",100894938,100894980,"A","ABI3BP",0
"chr4",42990173,42990209,"A","GRXCR1",0
"chr1",236169172,236169255,"ACCTGC","GPR137B",0
"chr1",64675987,64676040,"AAT","CACHD1",0
"chr1",68963788,68963833,"A","LOC105378787",92004
"chr11",131432839,131432871,"A","NTM",0
"chr11",131789420,131789668,"AAG","NTM",0
"chr11",44662917,44662969,"AGAGGG","LINC02704",31893
"chr14",20008052,20008329,"AGGG","OR4K14",5813
"chr17",36864677,36864803,"AGGG","LOC105371750",138330
"chr18",13321861,13321913,"A","LDLRAD4",0
"chr2",109823546,109823574,"AAAAG","RGPD5",0
"chr2",130361495,130361598,"AAAG","PTPN18",0
"chr2",4417428,4417753,"AC","LINC01249",210462
"chr20",21496979,21497028,"A","NKX2-2",13988
"chr21",10098784,10098820,"A","LOC105372733",0
"chr3",123542146,123542171,"A","HACD2",0
"chr4",185497978,185498006,"A","LOC105377590",0
"chr4",70334294,70334374,"A","CABS1",606
"chr4",7448773,7449303,"AGGG","SORCS2",0
"chr6",42262434,42262600,"AG","TRERF1",0
"chr6",6376817,6376848,"ACC","LY86-AS1",0
"chr7",126235524,126235571,"A","GRM8",203026
"chr8",69243910,69243939,"A","LINC01592",139667
"chr8",86167946,86168004,"AAGGGG","LOC105375623",12413
"chr9",6685675,6685730,"AAT","LINC02851",18539
"chr1",28247126,28247158,"AAAG","DNAJC8",14096
"chr5",131329879,131329922,"A","CDC42SE2",0
"chr2",32431181,32431213,"A","BIRC6",0
"chr9",30226366,30226414,"A","LINC01242",162520
"chr4",55067086,55067172,"A","KDR",11308
"chr1",151676270,151676323,"A","SNX27",0
"chr6",4005848,4005886,"A","PRPF4B",15380
"chr14",23964220,23964254,"A","DHRS2",318580
"chr5",158545280,158545309,"A","LINC02227",135506
"chr11",7407360,7407391,"A","SYT9",0
"chr14",47970780,47970817,"A","LINC00648",175477
"chr16",78082361,78082403,"A","LOC107984897",15599
"chr18",59550998,59551072,"A","CCBE1",0
"chr2",106791775,106792005,"AAG","ST6GAL2",9594
"chr20",53536737,53536794,"A","LOC101927770",15975
"chr3",5917866,5917899,"A","LOC102723596",44942
"chr4",139885932,139885971,"A","MAML3",0
"chr6",19770905,19770964,"A","LOC107986575",0
"chr1",248576101,248576130,"A","OR2T34",1343
"chr10",105626567,105626600,"A","LINC02627",181624
"chr13",74260553,74260629,"AAAAT","LINC00402",576
"chr4",98363478,98363505,"A","RAP1GDS1",0
"chr3",65759065,65759095,"A","MAGI1",0
"chr6",18545755,18545787,"A","MIR548A1HG",0
"chr13",98006356,98006392,"A","IPO5",0
"chr7",57103954,57103988,"A","ZNF479",13687
"chrX",107695932,107695961,"A","TSC22D3",17259
"chr10",6816588,6816646,"A","LINC00707",0
"chr12",42360458,42360487,"A","PPHLN1",0
"chrX",22796800,22796846,"A","PTCHD1-AS",0
"chr7",145196271,145196346,"AAAAG","TPK1",359875
"chr10",117357766,117357821,"A","PDZD8",0
"chr10",94297590,94297627,"A","PLCE1",0
"chr17",43317155,43317181,"AAG","CCDC200",11757
"chr2",189094588,189094647,"AC","COL5A2",0
"chr2",40396748,40396777,"A","SLC8A1",0
"chr21",40605791,40605820,"A","DSCAM",0
"chr22",25093737,25093886,"AG","KIAA1671",0
"chr7",13866150,13866180,"A","ETV1",25048
"chr2",4562990,4563034,"A","LINC01249",65181
"chr8",77869040,77869066,"A","LOC105375909",331749
"chr12",65148097,65148133,"A","LEMD3",21449
"chr13",39643534,39643578,"A","COG6",12048
"chr5",137983176,137983215,"A","FAM13B",0
"chr17",19526269,19526309,"A","SLC47A1",0
"chr1",177532212,177532248,"AGC","LINC01645",72452
"chr9",598615,598650,"A","KANK1",0
"chr3",116964836,116964888,"A","LSAMP",0
"chr18",59347320,59347360,"A","LMAN1",0
"chr22",30056793,30056822,"A","HORMAD2-AS1",0
"chr4",7801914,7801942,"A","AFAP1",0
"chr14",54288840,54288874,"ACATAT","CDKN3",107974
"chr8",106716630,106716661,"A","OXR1",0
"chr6",169638322,169638351,"A","WDR27",0
"chr8",36535143,36535179,"A","KCNU1",249144
"chr10",74303588,74303614,"A","ADK",0
"chr4",14332826,14332864,"A","LINC00504",137600
"chr8",97583176,97583215,"A","MTDH",60968
"chr11",71855874,71855911,"A","XNDC1N-ZNF705EP-ALG1L9P",0
"chr3",174797280,174797329,"A","NAALADL2",0
"chr2",118394688,118394759,"A","THORLNC",172437
"chr4",84850928,84850969,"A","WDFY3",0
"chr6",88187635,88187667,"AAAAT","LOC105377885",0
"chr16",4674578,4674651,"A","MGRN1",0
"chr2",9395545,9395625,"A","ASAP2",0
"chr4",44316795,44316823,"A","KCTD8",0
"chr4",58333247,58333285,"A","LINC02494",191229
"chr17",10355828,10355867,"A","MYH13",0
"chr1",229535038,229535068,"A","ABCB10",0
"chr3",134249917,134249943,"A","RYK",0
"chrX",64901520,64901566,"A","ZC4H2",14235
"chr13",43718676,43718709,"A","ENOX1",0
"chr1",13694144,13694180,"A","PRDM2",6007
"chr1",235176437,235176468,"A","ARID4B",0
"chr10",71532695,71532747,"A","CDH23",0
"chr11",117924177,117924205,"AAAAG","TMPRSS13",0
"chr11",73142811,73142871,"AC","FCHSD2",492
"chr13",75737752,75737801,"A","LMO7",0
"chr22",27885212,27885252,"A","PITPNB",0
"chr3",130902284,130902322,"A","ATP2C1",0
"chr4",101839937,101839986,"A","BANK1",0
"chr9",38354867,38354914,"AGC","LOC107987065",5512
"chr14",52223807,52223874,"AGATAT","PTGDR",43823
"chr2",172583281,172583312,"A","PDK1",0
"chr2",218528803,218528841,"A","USP37",0
"chr6",34428911,34428961,"A","NUDT3",2839
"chr8",100988684,100988719,"A","YWHAZ",35295
"chr17",56878045,56878203,"AAG","TRIM25",0
"chr18",55293931,55293963,"A","TCF4",0
"chr2",73923641,73923701,"AAAAG","DGUOK",3124
"chr3",39358371,39358417,"A","LOC105377644",0
"chr3",52265299,52265335,"A","WDR82",0
"chr10",16133830,16133864,"A","LINC02654",143006
"chr7",65713286,65713330,"A","INTS4P2",0
"chr3",120539995,120540032,"AAAAT","LOC107986121",30319
"chr8",99270131,99270157,"A","VPS13B",0
"chr5",168573416,168573446,"A","PANK3",0
"chr20",53501484,53501527,"A","LOC105372669",0
"chr13",20197464,20197491,"A","GJB2",4525
"chr2",6138614,6138644,"A","LOC105373401",119703
"chr21",24427690,24427725,"A","LINC01684",0
"chr17",18373800,18373833,"A","LLGL1",128924
"chr7",65207399,65207440,"A","INTS4P1",0
"chr17",61089509,61089547,"A","BCAS3",0
"chr1",224463773,224463809,"A","CNIH3",0
"chr3",48202583,48202638,"A","MIR4443",5966
"chr3",71900617,71900655,"A","LINC00877",42936
"chr4",6800043,6800075,"A","KIAA0232",0
"chr4",87243078,87243110,"A","KLHL8",22459
"chr1",242194566,242194677,"AGAT","PLD5",0
"chrX",9791969,9792160,"AATAG","SHROOM2",0
"chr15",37092696,37092747,"A","MEIS2",0
